"autor","obra","paragrafo_id","texto"
"Machado de Assis","Dom Casmurro","1","Texto de referência:                                                      Obras Completas de Machado de Assis, vol. I,                                                                Nova Aguilar, Rio de Janeiro, 1994."
"Machado de Assis","Dom Casmurro","2","Publicado originalmente pela Editora Garnier, Rio de Janeiro, 1899."
"Machado de Assis","Dom Casmurro","3","CAPÍTULO PRIMEIRO                                    DO TÍTULO"
"Machado de Assis","Dom Casmurro","4","Uma noite destas, vindo da cidade para o Engenho Novo, encontrei no trem da Central um rapaz aqui do bairro, que eu conheço de vista e de chapéu. Cumprimentou-me, sentou-se ao pé de mim, falou da Lua e dos ministros, e acabou recitando-me versos. A viagem era curta, e os versos pode ser que não fossem inteiramente maus. Sucedeu, porém, que, como eu estava cansado, fechei os olhos três ou quatro vezes; tanto bastou para que ele interrompesse a leitura e metesse os versos no bolso."
"Machado de Assis","Dom Casmurro","5","Vi-lhe fazer um gesto para tirá-los outra vez do bolso, mas não passou do gesto; estava amuado. No dia seguinte entrou a dizer de mim nomes feios, e acabou alcunhando-me Dom Casmurro. Os vizinhos, que não gostam dos meus hábitos reclusos e calados, deram curso à alcunha, que afinal pegou. Nem por isso me zanguei. Contei a anedota aos amigos da cidade, e eles, por graça, chamam-me assim, alguns em bilhetes: ""Dom Casmurro, domingo vou jantar com você.-- ""Vou para Petrópolis, Dom Casmurro; a casa é a mesma da Renânia; vê se deixas essa caverna do Engenho Novo, e vai lá passar uns quinze dias comigo"".-- ""Meu caro Dom Casmurro, não cuide que o dispenso do teatro amanhã; venha e dormirá aqui na cidade; dou-lhe camarote, dou-lhe chá, dou-lhe cama; só não lhe dou moça""."
"Machado de Assis","Dom Casmurro","6","Não consultes dicionários. Casmurro não está aqui no sentido que eles lhe dão, mas no que lhe pôs o vulgo de homem calado e metido consigo. Dom veio por ironia, para atribuir-me fumos de fidalgo. Tudo por estar cochilando! Também não achei melhor título para a minha narraço; se não tiver outro daqui até ao fim do livro, vai este mesmo. O meu poeta do trem ficará sabendo que não lhe guardo rancor. E com pequeno esforço, sendo o título seu, poderá cuidar que a obra é sua. Há livros que apenas terão isso dos seus autores; alguns nem tanto."
"Machado de Assis","Dom Casmurro","7","CAPÍTULO II                                     DO LIVRO"
"Machado de Assis","Dom Casmurro","8","Agora que expliquei o título, passo a escrever o livro. Antes disso, porém, digamos os motivos que me põem a pena na mão."
"Machado de Assis","Dom Casmurro","9","Vivo só, com um criado. A casa em que moro é própria; fi-la construir de propósito, levado de um desejo tão particular que me vexa imprimi-lo, mas vá lá. Um dia, há bastantes anos, lembrou-me reproduzir no Engenho Novo a casa em que me criei na antiga Rua de Mata-cavalos, dando-lhe o mesmo aspecto e economia daquela outra, que desapareceu. Construtor e pintor entenderam bem as indicaçes que lhes fiz: é o mesmo prédio assobradado, três janelas de frente, varanda ao fundo, as mesmas alcovas e salas. Na principal destas, a pintura do teto e das paredes é mais ou menos igual, umas grinaldas de flores miúdas e grandes pássaros que as tomam nos bicos, de espaço a espaço. Nos quatro cantos do teto as figuras das estaçes, e ao centro das paredes os medalhões de César, Augusto, Nero e Massinissa, com os nomes por baixo... Não alcanço a razão de tais personagens. Quando fomos para a casa de Mata-cavalos, já ela estava assim decorada; vinha do decênio anterior. Naturalmente era gosto do tempo meter sabor clássico e figuras antigas em pinturas americanas. O mais é também análogo e parecido. Tenho chacarinha, flores, legume, uma casuarina, um poço e lavadouro. Uso louça velha e mobília velha. Enfim, agora, como outrora, há aqui o mesmo contraste da vida interior, que é pacata, com a exterior, que é ruidosa."
"Machado de Assis","Dom Casmurro","10","O meu fim evidente era atar as duas pontas da vida, e restaurar na velhice a adolescência. Pois, senhor, não consegui recompor o que foi nem o que fui. Em tudo, se o rosto é igual, a fisionomia é diferente. Se só me faltassem os outros, vá; um homem consola-se mais ou menos das pessoas que perde; mais falto eu mesmo, e esta lacuna é tudo. O que aqui está é, mal comparando, semelhante à pintura que se põe na barba e nos cabelos, e que apenas conserva o hábito externo, como se diz nas autópsias; o interno não agüenta tinta. Uma certidão que me desse vinte anos de idade poderia enganar os estranhos, como todos os documentos falsos, mas não a mim. Os amigos que me restam são de data recente; todos os antigos foram estudar a geologia dos campos-santos. Quanto às amigas, algumas datam de quinze anos, outras de menos, e quase todas crêem na mocidade. Duas ou três fariam crer nela aos outros, mas a língua que falam obriga muita vez a consultar os dicionários, e tal freqüncia é cansativa."
"Machado de Assis","Dom Casmurro","11","Entretanto, vida diferente não quer dizer vida pior; é outra coisa. A certos respeitos, aquela vida antiga aparece-me despida de muitos encantos que lhe achei; mas é também exato que perdeu muito espinho que a fez molesta, e, de memória, conservo alguma recordaço doce e feiticeira. Em verdade, pouco apareço e menos falo. Distraçes raras. O mais do tempo é gasto em hortar, jardinar e ler; como bem e não durmo mal."
"Machado de Assis","Dom Casmurro","12","Ora, como tudo cansa, esta monotonia acabou por exaurir-me também. Quis variar, e lembrou-me escrever um livro. Jurisprudência, filosofia e política acudiram-me, mas não me acudiram as forças necessárias. Depois, pensei em fazer uma História dos Subúrbios, menos seca que as memórias do padre Luís Gonçalves dos Santos, relativas à cidade; era obra modesta, mas exigia documentos e datas, como preliminares, tudo árido e longo. Foi então que os bustos pintados nas paredes entraram a falar-me e a dizer-me que, uma vez que eles não alcançavam reconstituir-me os tempos idos, pegasse da pena e contasse alguns. Talvez a narraço me desse a ilusão, e as sombras viessem perpassar ligeiras, como ao poeta, não o do trem, mas o do Fausto: Aí vindes outra vez, inquietas sombras?..."
"Machado de Assis","Dom Casmurro","13","Fiquei tão alegre com esta idéia, que ainda agora me treme a pena na mão. Sim, Nero, Augusto, Massinissa, e tu, grande César, que me incitas a fazer os meus comentários, agradeço-vos o conselho, e vou deitar ao papel as reminiscências que me vierem vindo. Deste modo, viverei o que vivi, e assentarei a mão para alguma obra de maior tomo. Eia, comecemos a evocaço por uma célebre tarde de novembro, que nunca me esqueceu. Tive outras muitas, melhores, e piores, mas"
"Machado de Assis","Dom Casmurro","14","aquela nunca se me apagou do espírito. É o que vais entender, lendo."
"Machado de Assis","Dom Casmurro","15","CAPÍTULO III                                   A DENÚNCIA"
"Machado de Assis","Dom Casmurro","16","Ia a entrar na sala de visitas, quando ouvi proferir o meu nome e escondi-me atrás da porta. A casa era a da rua de Mata-cavalos, o mês novembro, o ano é que é um tanto remoto, mas eu não hei de trocar as datas à minha vida só para agradar às pessoas que não amam histórias velhas; o ano era de 1857."
"Machado de Assis","Dom Casmurro","17","-- D. Glória, a senhora persiste na idéia de meter o nosso Bentinho no seminário? É mais que tempo, e já agora pode haver uma dificuldade."
"Machado de Assis","Dom Casmurro","18","Minha mãe quis saber o que era. José Dias, depois de alguns instantes de concentraço, veio ver se havia alguém no corredor; não deu por mim, voltou e, abafando a voz, disse que a dificuldade estava na casa ao pé, a gente do Pádua."
"Machado de Assis","Dom Casmurro","19","-- Há algum tempo estou para lhe dizer isto, mas não me atrevia. Não me parece bonito que o nosso Bentinho ande metido nos cantos com a filha do Tartaruga, e esta é a dificuldade, porque se eles pegam de namoro, a senhora terá muito que lutar para separá-los."
"Machado de Assis","Dom Casmurro","20","-- É um modo de falar. Em segredinhos, sempre juntos. Bentinho quase não sai de lá. A pequena é uma desmiolada; o pai faz que não vê; tomara ele que as coisas corressem de maneira que... Compreendo o seu gesto; a senhora não crê em tais cálculos, parece-lhe que todos têm a alma cândida..."
"Machado de Assis","Dom Casmurro","21","-- Mas, Sr. José Dias, tenho visto os pequenos brincando, e nunca vi nada que faça desconfiar. Basta a idade; Bentinho mal tem quinze anos. Capitu fez quatorze à semana passada; são dois criançolas. Não se esqueça que foram criados juntos, desde aquela grande enchente, há dez anos, em que a família Pádua perdeu tanta coisa; daí vieram as nossas relaçes. Pois eu hei de crer? ... Mano Cosme, você que acha?"
"Machado de Assis","Dom Casmurro","22","Tio Cosme respondeu com um ""Ora!"" que, traduzido em vulgar, queria dizer: ""São imaginaçes do José Dias; os pequenos divertem-se, eu divirto-me; onde está o gamão?"""
"Machado de Assis","Dom Casmurro","23","-- Sim, creio que o senhor está enganado."
"Machado de Assis","Dom Casmurro","24","-- Pode ser, minha senhora. Oxalá tenham razão; mas creia que não falei senão depois de muito examinar..."
"Machado de Assis","Dom Casmurro","25","-- Em todo caso, vai sendo tempo, interrompeu minha mãe; vou tratar de metê-lo no seminário quanto antes."
"Machado de Assis","Memorias Postumas de Bras Cubas","1","Memórias Póstumas de Brás Cubas Texto-fonte: Obra Completa, Machado de Assis, Rio de Janeiro: Editora Nova Aguilar, 1994. Publicado originalmente em folhetins, a partir de março de 1880, na Revista Brasileira. Ao verme que primeiro roeu as frias carnes do meu cadáver dedico como saudosa lembrança estas Memórias Póstumas Prólogo da terceira edição A primeira edição destas Memórias Póstumas de Brás Cubas foi feita aos pedaços na Revista Brasileira, pelos anos de 1880. Postas mais tarde em livro, corrigi o texto em vários lugares. Agora que tive de o rever para a terceira edição, emendei ainda alguma coisa e suprimi duas ou três dúzias de linhas. Assim composta, sai novamente à luz esta obra que alguma benevolência parece ter encontrado no público. Capistrano de Abreu, noticiando a publicação do livro, perguntava: As Memórias Póstumas de Brás Cubas são um romance? Macedo Soares, em carta que me escreveu por esse tempo, recordava amigamente as Viagens na minha terra. Ao primeiro respondia já o defunto Brás Cubas (como o leitor viu e verá no prólogo dele que vai adiante) que sim e que não, que era romance para uns e não o era para outros. Quanto ao segundo, assim se explicou o finado: Tratase de uma obra difusa, na qual eu, Brás Cubas, se adotei a forma livre de um Sterne ou de um Xavier de Maistre, não sei se lhe meti algumas rabugens de pessimismo. Toda essa gente viajou: Xavier de Maistre à roda do quarto, Garret na terra dele, Sterne na terra dos outros. De Brás Cubas se pode dizer que viajou à roda da vida. O que faz do meu Brás Cubas um autor particular é o que ele chama rabugens de pessimismo. Há na alma deste livro, por mais risonho que pareça, um sentimento amargo e áspero, que está longe de vir de seus modelos. É taça que pode ter lavores de igual escola, mas leva outro vinho. Não digo mais para não entrar na crítica de um defunto, que se pintou a si e a outros, conforme lhe pareceu melhor e mais certo. Machado de Assis. AO LEITOR Que Stendhal confessasse haver escrito um de seus livros para cem leitores, coisa é que admira e consterna. O que não admira, nem provavelmente consternará é se este outro livro não tiver os cem leitores de Stendhal, nem cinqüenta, nem vinte e, quando muito, dez. Dez? Talvez cinco. Trata-se, na verdade, de uma obra difusa, na qual eu, Brás Cubas, se adotei a forma livre de um Sterne, ou de um Xavier de Maistre, não sei se lhe meti algumas rabugens de pessimismo. Pode ser. Obra de finado. Escrevi-a com a pena da galhofa e a tinta da melancolia, e não é difícil antever o que poderá sair desse conúbio. Acresce que a gente grave achará no livro umas aparências de puro romance, ao passo que a gente frívola não achará nele o seu romance usual; ei-lo aí fica privado da estima dos graves e do amor dos frívolos, que são as duas colunas máximas da opinião. Mas eu ainda espero angariar as simpatias da opinião, e o primeiro remédio é fugir a um prólogo explícito e longo. O melhor prólogo é o que contém menos coisas, ou o que as diz de um jeito obscuro e truncado. Conseguintemente, evito contar o processo extraordinário que empreguei na composição destas Memórias, trabalhadas cá no outro mundo. Seria curioso, mas nimiamente extenso, e aliás desnecessário ao entendimento da obra. A obra em si mesma é tudo: se te agradar, fino leitor, pago-me da tarefa; se te não agradar, pago-te com um piparote, e adeus. Brás Cubas."
"Machado de Assis","Memorias Postumas de Bras Cubas","2","PRIMEIRO / ÓBITO DO AUTOR Algum tempo hesitei se devia abrir estas memórias pelo princípio ou pelo fim, isto é, se poria em primeiro lugar o meu nascimento ou a minha morte. Suposto o uso vulgar seja começar pelo nascimento, duas considerações me levaram a adotar diferente método: a primeira é que eu não sou propriamente um autor defunto, mas um defunto autor, para quem a campa foi outro berço; a segunda é que o escrito ficaria assim mais galante e mais novo. Moisés, que também contou a sua morte, não a pôs no intróito, mas no cabo: diferença radical entre este livro e o Pentateuco. Dito isto, expirei às duas horas da tarde de uma sexta-feira do mês de agosto de 1869, na minha bela chácara de Catumbi. Tinha uns sessenta e quatro anos, rijos e prósperos, era solteiro, possuía cerca de trezentos contos e fui acompanhado ao cemitério por onze amigos. Onze amigos! Verdade é que não houve cartas nem anúncios. Acresce que chovia  peneirava uma chuvinha miúda, triste e constante, tão constante e tão triste, que levou um daqueles fiéis da última hora a intercalar esta engenhosa idéia no discurso que proferiu à beira de minha cova:  Vós, que o conhecestes, meus senhores, vós podeis dizer comigo que a natureza parece estar chorando a perda irreparável de um dos mais belos caracteres que têm honrado a humanidade. Este ar sombrio, estas gotas do céu, aquelas nuvens escuras que cobrem o azul como um crepe funéreo, tudo isso é a dor crua e má que lhe rói à Natureza as mais íntimas entranhas; tudo isso é um sublime louvor ao nosso ilustre finado. Bom e fiel amigo! Não, não me arrependo das vinte apólices que lhe deixei. E foi assim que cheguei à cláusula dos meus dias; foi assim que me encaminhei para o undiscovered country de Hamlet, sem as ânsias nem as dúvidas do moço príncipe, mas pausado e trôpego como quem se retira tarde do espetáculo. Tarde e aborrecido. Viramme ir umas nove ou dez pessoas, entre elas três senhoras, minha irmã Sabina, casada com o Cotrim, a filha,  um lírio do vale,  e... Tenham paciência! daqui a pouco lhes direi quem era a terceira senhora. Contentem-se de saber que essa anônima, ainda que não parenta, padeceu mais do que as parentas. É verdade, padeceu mais. Não digo que se carpisse, não digo que se deixasse rolar pelo chão, convulsa. Nem o meu óbito era coisa altamente dramática... Um solteirão que expira aos sessenta e quatro anos, não parece que reúna em si todos os elementos de uma tragédia. E dado que sim, o que menos convinha a essa anônima era aparentá-lo. De pé, à cabeceira da cama, com os olhos estúpidos, a boca entreaberta, a triste senhora mal podia crer na minha extinção.  Morto! morto! dizia consigo. E a imaginação dela, como as cegonhas que um ilustre viajante viu desferirem o vôo desde o Ilisso às ribas africanas, sem embargo das ruínas e dos tempos,  a imaginação dessa senhora também voou por sobre os destroços presentes até às ribas de uma África juvenil... Deixá-la ir; lá iremos mais tarde; lá iremos quando eu me restituir aos primeiros anos. Agora, quero morrer tranqüilamente, metodicamente, ouvindo os soluços das damas, as falas baixas dos homens, a chuva que tamborila nas folhas de tinhorão da chácara, e o som estrídulo de uma navalha que um amolador está afiando lá fora, à porta de um correeiro. Juro-lhes que essa orquestra da morte foi muito menos triste do que podia parecer. De certo ponto em diante chegou a ser deliciosa. A vida estrebuchava-me no peito, com uns ímpetos de vaga marinha, esvaía-se-me a consciência, eu descia à imobilidade física e moral, e o corpo fazia-se-me planta, e pedra e lodo, e coisa nenhuma. Morri de uma pneumonia; mas se lhe disser que foi menos a pneumonia, do que uma idéia grandiosa e útil, a causa da minha morte, é possível que o leitor me não creia, e todavia é verdade. Vou expor-lhe sumariamente o caso. Julgue-o por si mesmo."
"Machado de Assis","Memorias Postumas de Bras Cubas","3","II / O EMPLASTO Com efeito, um dia de manhã, estando a passear na chácara, pendurou-se-me uma idéia no trapézio que eu tinha no cérebro. Uma vez pendurada, entrou a bracejar, a pernear, a fazer as mais arrojadas cabriolas de volatim, que é possível crer. Eu deixei-me estar a contemplá-la. Súbito, deu um grande salto, estendeu os braços e as pernas, até tomar a forma de um X: decifra-me ou devoro-te. Essa idéia era nada menos que a invenção de um medicamento sublime, um emplastro anti-hipocondríaco, destinado a aliviar a nossa melancólica humanidade. Na petição de privilégio que então redigi, chamei a atenção do governo para esse resultado, verdadeiramente cristão. Todavia, não neguei aos amigos as vantagens pecuniárias que deviam resultar da distribuição de um produto de tamanhos e tão profundos efeitos. Agora, porém, que estou cá do outro lado da vida, posso confessar tudo: o que me influiu principalmente foi o gosto de ver impressas nos jornais, mostradores, folhetos, esquinas, e enfim nas caixinhas do remédio, estas três palavras: Emplasto Brás Cubas. Para que negá-lo? Eu tinha a paixão do arruído, do cartaz, do foguete de lágrimas. Talvez os modestos me argúam esse defeito; fio, porém, que esse talento me hão de reconhecer os hábeis. Assim, a minha idéia trazia duas faces, como as medalhas, uma virada para o público, outra para mim. De um lado, filantropia e lucro; de outro lado, sede de nomeada. Digamos:  amor da glória. Um tio meu, cônego de prebenda inteira, costumava dizer que o amor da glória temporal era a perdição das almas, que só devem cobiçar a glória eterna. Ao que retorquia outro tio, oficial de um dos antigos terços de infantaria, que o amor da glória era a coisa mais verdadeiramente humana que há no homem, e, conseguintemente, a sua mais genuína feição. Decida o leitor entre o militar e o cônego; eu volto ao emplasto."
"Machado de Assis","Memorias Postumas de Bras Cubas","4","III / GENEALOGIA Mas, já que falei nos meus dois tios, deixem-me fazer aqui um curto esboço genealógico. O fundador da minha família foi um certo Damião Cubas, que floresceu na primeira metade do século XVIII. Era tanoeiro de ofício, natural do Rio de Janeiro, onde teria morrido na penúria e na obscuridade, se somente exercesse a tanoaria. Mas não; fez-se lavrador, plantou, colheu, permutou o seu produto por boas e honradas patacas, até que morreu, deixando grosso cabedal a um filho, licenciado Luís Cubas. Neste rapaz é que verdadeiramente começa a série de meus avós  dos avós que a minha família sempre confessou,  porque o Damião Cubas era afinal de contas um tanoeiro, e talvez mau tanoeiro, ao passo que o Luís Cubas estudou em Coimbra, primou no Estado, e foi um dos amigos particulares do vice-rei Conde da Cunha. Como este apelido de Cubas lhe cheirasse excessivamente a tanoaria, alegava meu pai, bisneto de Damião, que o dito apelido fora dado a um cavaleiro, herói nas jornadas da África, em prêmio da façanha que praticou, arrebatando trezentas cubas aos mouros. Meu pai era homem de imaginação; escapou à tanoaria nas asas de um calembour. Era um bom caráter, meu pai, varão digno e leal como poucos. Tinha, é verdade, uns fumos de pacholice; mas quem não é um pouco pachola nesse mundo? Releva notar que ele não recorreu à inventiva senão depois de experimentar a falsificação; primeiramente, entroncou-se na família daquele meu famoso homônimo, o capitão-mor, Brás Cubas, que fundou a vila de São Vicente, onde morreu em 1592, e por esse motivo é que me deu o nome de Brás. Opôs-se-lhe, porém, a família do capitão-mor, e foi então que ele imaginou as trezentas cubas mouriscas. Vivem ainda alguns membros de minha família, minha sobrinha Venância, por exemplo, o lírio do vale, que é a flor das damas do seu tempo; vive o pai, o Cotrim, um sujeito que... Mas não antecipemos os sucessos; acabemos de uma vez com o nosso emplasto."
"Machado de Assis","Memorias Postumas de Bras Cubas","5","IV / A IDÉIA FIXA A minha idéia, depois de tantas cabriolas, constituíra-se idéia fixa. Deus te livre, leitor, de uma idéia fixa; antes um argueiro, antes uma trave no olho. Vê o Cavour; foi a idéia fixa da unidade italiana que o matou. Verdade é que Bismarck não morreu; mas cumpre advertir que a natureza é uma grande caprichosa e a história uma eterna loureira. Por exemplo, Suetônio deu-nos um Cláudio, que era um simplório,  ou uma abóbora como lhe chamou Sêneca, e um Tito, que mereceu ser as delícias de Roma. Veio modernamente um professor e achou meio de demonstrar que dos dois césares, o delicioso, o verdadeiro delicioso, foi o abóbora de Sêneca. E tu, madama Lucrécia, flor dos Bórgias, se um poeta te pintou como a Messalina católica, apareceu um Gregorovius incrédulo que te apagou muito essa qualidade, e, se não vieste a lírio, também não ficaste pântano. Eu deixo-me estar entre o poeta e o sábio. Viva pois a história, a volúvel história que dá para tudo; e, tornando à idéia fixa, direi que é ela a que faz os varões fortes e os doidos; a idéia móbil, vaga ou furta-cor é a que faz os Cláudios,  fórmula Suetônio. Era fixa a minha idéia, fixa como... Não me ocorre nada que seja assaz fixo nesse mundo: talvez a lua, talvez as pirâmides do Egito, talvez a finada dieta germânica. Veja o leitor a comparação que melhor lhe quadrar, veja-a e não esteja daí a torcer-me o nariz, só porque ainda não chegamos à parte narrativa destas memórias. Lá iremos. Creio que prefere a anedota à reflexão, como os outros leitores, seus confrades, e acho que faz muito bem. Pois lá iremos. Todavia, importa dizer que este livro é escrito com pachorra, com a pachorra de um homem já desafrontado da brevidade do século, obra supinamente filosófica, de uma filosofia desigual, agora austera, logo brincalhona, coisa que não edifica nem destrói, não inflama nem regala, e é todavia mais do que passatempo e menos do que apostolado. Vamos lá; retifique o seu nariz, e tornemos ao emplasto. Deixemos a história com os seus caprichos de dama elegante. Nenhum de nós pelejou a batalha de Salamina, nenhum escreveu a confissão de Augsburgo; pela minha parte, se alguma vez me lembro de Cromwell, é só pela idéia de que Sua Alteza, com a mesma mão que trancara o parlamento, teria imposto aos ingleses o emplasto Brás Cubas. Não se riam dessa vitória comum da farmácia e do puritanismo. Quem não sabe que ao pé de cada bandeira grande, pública, ostensiva, há muitas vezes várias outras bandeiras modestamente particulares, que se hasteiam e flutuam à sombra daquela, e não poucas vezes lhe sobrevivem? Mal comparando, é como a arraia-miúda, que se acolhia à sombra do castelo feudal; caiu este e a arraia ficou. Verdade é que se fez graúda e castelã... Não, a comparação não presta."
"Machado de Assis","Memorias Postumas de Bras Cubas","6","V / EM QUE APARECE A ORELHA DE UMA SENHORA Senão quando, estando eu ocupado em preparar e apurar a minha invenção, recebi em cheio um golpe de ar; adoeci logo, e não me tratei. Tinha o emplasto no cérebro; trazia comigo a idéia fixa dos doidos e dos fortes. Via-me, ao longe, ascender do chão das turbas, e remontar ao Céu, como uma águia imortal, e não é diante de tão excelso espetáculo que um homem pode sentir a dor que o punge. No outro dia estava pior; tratei-me enfim, mas incompletamente, sem método, nem cuidado, nem persistência; tal foi a origem do mal que me trouxe à eternidade. Sabem já que morri numa sexta-feira, dia aziago, e creio haver provado que foi a minha invenção que me matou. Há demonstrações menos lúcidas e não menos triunfantes. Não era impossível, entretanto, que eu chegasse a galgar o cimo de um século, e a figurar nas folhas públicas, entre macróbios. Tinha saúde e robustez. Suponha-se que, em vez de estar lançando os alicerces de uma invenção farmacêutica, tratava de coligir os elementos de uma instituição política, ou de uma reforma religiosa. Vinha a corrente de ar, que vence em eficácia o cálculo humano, e lá se ia tudo. Assim corre a sorte dos homens. Com esta reflexão me despedi eu da mulher, não direi mais discreta, mas com certeza mais formosa entre as contemporâneas suas, a anônima do primeiro capítulo, a tal, cuja imaginação à semelhança das cegonhas do Ilisso... Tinha então 54 anos, era uma ruína, uma imponente ruína. Imagine o leitor que nos amamos, ela e eu, muitos anos antes, e que um dia, já enfermo, vejo-a assomar à porta da alcova..."
"Machado de Assis","Memorias Postumas de Bras Cubas","7","VI / CHIMÈNE, QUI L'EÛT DIT? RODRIGUE, QUI L'EÛT CRU? Vejo-a assomar à porta da alcova, pálida, comovida, trajada de preto, e ali ficar durante um minuto, sem ânimo de entrar, ou detida pela presença de um homem que estava comigo. Da cama, onde jazia, contemplei-a durante esse tempo, esquecido de lhe dizer nada ou de fazer nenhum gesto. Havia já dois anos que nos não víamos, e eu via-a agora não qual era, mas qual fora, quais fôramos ambos, porque um Ezequias misterioso fizera recuar o sol até os dias juvenis. Recuou o sol, sacudi todas as misérias, e este punhado de pó, que a morte ia espalhar na eternidade do nada, pôde mais do que o tempo, que é o ministro da morte. Nenhuma água de Juventa igualaria ali a simples saudade. Creiam-me, o menos mau é recordar; ninguém se fie da felicidade presente; há nela uma gota da baba de Caim. Corrido o tempo e cessado o espasmo, então sim, então talvez se pode gozar deveras, porque entre uma e outra dessas duas ilusões, melhor é a que se gosta sem doer. Não durou muito a evocação; a realidade dominou logo; o presente expeliu o passado. Talvez eu exponha ao leitor, em algum canto deste livro, a minha teoria das edições humanas. O que por agora importa saber é que Virgília  chamava-se Virgília  entrou na alcova, firme, com a gravidade que lhe davam as roupas e os anos, e veio até o meu leito. O estranho levantou-se e saiu. Era um sujeito, que me visitava todos os dias para falar do câmbio, da colonização e da necessidade de desenvolver a viação férrea; nada mais interessante para um moribundo. Saiu; Virgília deixou-se estar de pé; durante algum tempo ficamos a olhar um para o outro, sem articular palavra. Quem diria? De dois grandes namorados, de duas paixões sem freio, nada mais havia ali, vinte anos depois; havia apenas dois corações murchos, devastados pela vida e saciados dela, não sei se em igual dose, mas enfim saciados. Virgília tinha agora a beleza da velhice, um ar austero e maternal; estava menos magra do que quando a vi, pela última vez, numa festa de São João, na Tijuca; e porque era das que resistem muito, só agora começavam os cabelos escuros a intercalar-se com alguns fios de prata.  Anda visitando os defuntos? disse-lhe eu.  Ora, defuntos! respondeu Virgília com um muxoxo. E depois de me apertar as mãos:  Ando a ver se ponho os vadios para a rua. Não tinha a carícia lacrimosa de outro tempo; mas a voz era amiga e doce. Sentou-se. Eu estava só, em casa, com um simples enfermeiro; podíamos falar um ao outro, sem perigo. Virgília deu-me longas notícias de fora, narrando-as com graça, com um certo travo de má língua, que era o sal da palestra; eu, prestes a deixar o mundo, sentia um prazer satânico em mofar dele, em persuadir-me que não deixava nada.  Que idéias essas! interrompeu-me Virgília um tanto zangada. Olhe que não volto mais. Morrer! Todos nós havemos de morrer; basta estarmos vivos. E vendo o relógio:  Jesus! são três horas. Vou-me embora.  Já?  Já; virei amanhã ou depois.  Não sei se faz bem, retorqui; o doente é um solteirão e a casa não tem senhoras...  Sua mana?  Há de vir cá passar uns dias, mas não pode ser antes de sábado. Virgília refletiu um instante, levantou os ombros e disse com gravidade:  Estou velha! Ninguém mais repara em mim. Mas, para cortar dúvidas, virei com o Nhonhô. Nhonhô era um bacharel, único filho de seu casamento, que, na idade de cinco anos, fora cúmplice inconsciente de nossos amores. Vieram juntos, dois dias depois, e confesso que, ao vê-los ali, na minha alcova, fui tomado de um acanhamento que nem me permitiu corresponder logo às palavras afáveis do rapaz. Virgília adivinhou-me e disse ao filho:  Nhonhô, não repares nesse grande manhoso que aí está; não quer falar para fazer crer que está à morte. Sorriu o filho, eu creio que também sorri, e tudo acabou em pura galhofa. Virgília estava serena e risonha, tinha o aspecto das vidas imaculadas. Nenhum olhar suspeito, nenhum gesto que pudesse denunciar nada; uma igualdade de palavra e de espírito, uma dominação sobre si mesma, que pareciam e talvez fossem raras. Como tocássemos, casualmente, nuns amores ilegítimos, meio secretos, meio divulgados, vi-a falar com desdém e um pouco de indignação da mulher de que se tratava, aliás sua amiga. O filho sentia-se satisfeito, ouvindo aquela palavra digna e forte, e eu perguntava a mim mesmo o que diriam de nós os gaviões, se Buffon tivesse nascido gavião... Era o meu delírio que começava."
"Machado de Assis","Memorias Postumas de Bras Cubas","8","VII / O DELÍRIO Que me conste, ainda ninguém relatou o seu próprio delírio; faço-o eu, e a ciência mo agradecerá. Se o leitor não é dado à contemplação destes fenômenos mentais, pode saltar o capítulo; vá direito à narração. Mas, por menos curioso que seja, sempre lhe digo que é interessante saber o que se passou na minha cabeça durante uns vinte a trinta minutos. Primeiramente, tomei a figura de um barbeiro chinês, bojudo, destro, escanhoando um mandarim, que me pagava o trabalho com beliscões e confeitos: caprichos de mandarim. Logo depois, senti-me transformado na Suma Teológica de São Tomás, impressa num volume, e encadernada em marroquim, com fechos de prata e estampas; idéia esta que me deu ao corpo a mais completa imobilidade; e ainda agora me lembra que, sendo as minhas mãos os fechos do livro, e cruzando-as eu sobre o ventre, alguém as descruzava (Virgília decerto), porque a atitude lhe dava a imagem de um defunto. Ultimamente, restituído à forma humana, vi chegar um hipopótamo, que me arrebatou. Deixei-me ir, calado, não sei se por medo ou confiança; mas, dentro em pouco, a carreira de tal modo se tornou vertiginosa, que me atrevi a interrogá-lo, e com alguma arte lhe disse que a viagem me parecia sem destino.  Engana-se, replicou o animal, nós vamos à origem dos séculos. Insinuei que deveria ser muitíssimo longe; mas o hipopótamo não me entendeu ou não me ouviu, se é que não fingiu uma dessas coisas; e, perguntando-lhe, visto que ele falava, se era descendente do cavalo de Aquiles ou da asna de Balaão, retorquiu-me com um gesto peculiar a estes dois quadrúpedes: abanou as orelhas. Pela minha parte fechei os olhos e deixei-me ir à ventura. Já agora não se me dá de confessar que sentia umas tais ou quais cócegas de curiosidade, por saber onde ficava a origem dos séculos, se era tão misteriosa como a origem do Nilo, e sobretudo se valia alguma coisa mais ou menos do que a consumação dos mesmos séculos: reflexões de cérebro enfermo. Como ia de olhos fechados, não via o caminho; lembra-me só que a sensação de frio aumentava com a jornada, e que chegou uma ocasião em que me pareceu entrar na região dos gelos eternos. Com efeito, abri os olhos e vi que o meu animal galopava numa planície branca de neve, e vários animais grandes e de neve. Tudo neve; chegava a gelar-nos um sol de neve. Tentei falar, mas apenas pude grunhir esta pergunta ansiosa:  Onde estamos?  Já passamos o Éden.  Bem; paremos na tenda de Abraão.  Mas se nós caminhamos para trás! redargüiu motejando a minha cavalgadura. Fiquei vexado e aturdido. A jornada entrou e parecer-me enfadonha e extravagante, o frio incômodo, a condução violenta, e o resultado impalpável. E depois  cogitações do enfermo  dado que chegássemos ao fim indicado, não era impossível que os séculos, irritados com lhes devassarem a origem, me esmagassem entre as unhas, que deviam ser tão seculares como eles. Enquanto assim pensava, íamos devorando caminho, e a planície voava debaixo dos nossos pés, até que o animal estacou, e pude olhar mais tranqüilamente em torno de mim. Olhar somente; nada vi, além da imensa brancura da neve, que desta vez invadira o próprio céu, até ali azul. Talvez, a espaços, me parecia uma ou outra planta, enorme, brutesca, meneando ao vento as suas largas folhas. O silêncio daquela região era igual ao do sepulcro: dissera-se que a vida das coisas ficara estúpida diante do homem. Caiu do ar? destacou-se da terra? não sei; sei que um vulto imenso, uma figura de mulher me apareceu então, fitando-me uns olhos rutilantes como o sol. Tudo nessa figura tinha a vastidão das formas selváticas, e tudo escapava à compreensão do olhar humano, porque os contornos perdiam-se no ambiente, e o que parecia espesso era muita vez diáfano. Estupefato, não disse nada, não cheguei sequer a soltar um grito; mas, ao cabo de algum tempo, que foi breve, perguntei quem era e como se chamava: curiosidade de delírio.  Chama-me Natureza ou Pandora; sou tua mãe e tua inimiga. Ao ouvir esta última palavra, recuei um pouco, tomado de susto. A figura soltou uma gargalhada, que produziu em torno de nós o efeito de um tufão; as plantas torceram-se e um longo gemido quebrou a mudez das coisas externas.  Não te assustes, disse ela, minha inimizade não mata; é sobretudo pela vida que se afirma. Vives; não quero outro flagelo.  Vivo? perguntei eu, enterrando as unhas nas mãos, como para certificar-me da existência.  Sim, verme, tu vives. Não receies perder esse andrajo que é teu orgulho; provarás ainda, por algumas horas, o pão da dor e o vinho da miséria. Vives: agora mesmo que ensandeceste, vives; e se a tua consciência reouver um instante de sagacidade, tu dirás que queres viver. Dizendo isto, a visão estendeu o braço, segurou-me pelos cabelos e levantou-me ao ar, como se fora uma pluma. Só então pude ver-lhe de perto o rosto, que era enorme. Nada mais quieto; nenhuma contorção violenta, nenhuma expressão de ódio ou ferocidade; a feição única, geral, completa, era a da impassibilidade egoísta, a da eterna surdez, a da vontade imóvel. Raivas, se as tinha, ficavam encerradas no coração. Ao mesmo tempo, nesse rosto de expressão glacial, havia um ar de juventude, mescla de força e viço, diante do qual me sentia eu o mais débil e decrépito dos seres.  Entendeste-me? disse ela, no fim de algum tempo de mútua contemplação.  Não, respondi; nem quero entender-te; tu és absurda, tu és uma fábula. Estou sonhando, decerto, ou, se é verdade, que enlouqueci, tu não passas de uma concepção de alienado, isto é, uma coisa vã, que a razão ausente não pode reger nem palpar. Natureza, tu? a Natureza que eu conheço é só mãe e não inimiga; não faz da vida um flagelo, nem, como tu, traz esse rosto indiferente, como o sepulcro. E por que Pandora?  Porque levo na minha bolsa os bens e os males, e o maior de todos, a esperança, consolação dos homens. Tremes?  Sim; o teu olhar fascina-me.  Creio; eu não sou somente a vida; sou também a morte, e tu estás prestes a devolver-me o que te emprestei. Grande lascivo, espera-te a voluptuosidade do nada. Quando esta palavra ecoou, como um trovão, naquele imenso vale, afigurou-se-me que era o último som que chegava a meus ouvidos; pareceu-me sentir a decomposição súbita de mim mesmo. Então, encarei-a com olhos súplices, e pedi mais alguns anos.  Pobre minuto! exclamou. Para que queres tu mais alguns instantes de vida? Para devorar e seres devorado depois? Não estás farto do espetáculo e da luta? Conheces de sobejo tudo o que eu te deparei menos torpe ou menos aflitivo: o alvor do dia, a melancolia da tarde, a quietação da noite, os aspectos da Terra, o sono, enfim, o maior benefício das minhas mãos. Que mais queres tu, sublime idiota?  Viver somente, não te peço mais nada. Quem me pôs no coração este amor da vida, senão tu? e, se eu amo a vida, por que te hás de golpear a ti mesma, matando-me?  Porque já não preciso de ti. Não importa ao tempo o minuto que passa, mas o minuto que vem. O minuto que vem é forte, jucundo, supõe trazer em si a eternidade, e traz a morte, e perece como o outro, mas o tempo subsiste. Egoísmo, dizes tu? Sim, egoísmo, não tenho outra lei. Egoísmo, conservação. A onça mata o novilho porque o raciocínio da onça é que ela deve viver, e se o novilho é tenro tanto melhor: eis o estatuto universal. Sobe e olha. Isto dizendo, arrebatou-me ao alto de uma montanha. Inclinei os olhos a uma das vertentes, e contemplei, durante um tempo largo, ao longe, através de um nevoeiro, uma coisa única. Imagina tu, leitor, uma redução dos séculos, e um desfilar de todos eles, as raças todas, todas as paixões, o tumulto dos Impérios, a guerra dos apetites e dos ódios, a destruição recíproca dos seres e das coisas. Tal era o espetáculo, acerbo e curioso espetáculo. A história do homem e da Terra tinha assim uma intensidade que lhe não podiam dar nem a imaginação nem a ciência, porque a ciência é mais lenta e a imaginação mais vaga, enquanto que o que eu ali via era a condensação viva de todos os tempos. Para descrevê-la seria preciso fixar o relâmpago. Os séculos desfilavam num turbilhão, e, não obstante, porque os olhos do delírio são outros, eu via tudo o que passava diante de mim, flagelos e delícias,  desde essa coisa que se chama glória até essa outra que se chama miséria, e via o amor multiplicando a miséria, e via a miséria agravando a debilidade. Aí vinham a cobiça que devora, a cólera que inflama, a inveja que baba, e a enxada e a pena, úmidas de suor, e a ambição, a fome, a vaidade, a melancolia, a riqueza, o amor, e todos agitavam o homem, como um chocalho, até destruí-lo, como um farrapo. Eram as formas várias de um mal, que ora mordia a víscera, ora mordia o pensamento, e passeava eternamente as suas vestes de arlequim, em derredor da espécie humana. A dor cedia alguma vez, mas cedia à indiferença, que era um sono sem sonhos, ou ao prazer, que era uma dor bastarda. Então o homem, flagelado e rebelde, corria diante da fatalidade das coisas, atrás de uma figura nebulosa e esquiva, feita de retalhos, um retalho de impalpável, outro de improvável, outro de invisível, cosidos todos a ponto precário, com a agulha da imaginação; e essa figura,  nada menos que a quimera da felicidade,  ou lhe fugia perpetuamente, ou deixava-se apanhar pela fralda, e o homem a cingia ao peito, e então ela ria, como um escárnio, e sumia-se, como uma ilusão. Ao contemplar tanta calamidade, não pude reter um grito de angústia, que Natureza ou Pandora escutou sem protestar nem rir; e não sei por que lei de transtorno cerebral, fui eu que me pus a rir,  de um riso descompassado e idiota.  Tens razão, disse eu, a coisa é divertida e vale a pena,  talvez monótona  mas vale a pena. Quando Jó amaldiçoava o dia em que fora concebido, é porque lhe davam ganas de ver cá de cima o espetáculo. Vamos lá, Pandora, abre o ventre, e digere-me; a coisa é divertida, mas digere-me. A resposta foi compelir-me fortemente a olhar para baixo, e a ver os séculos que continuavam a passar, velozes e turbulentos, as gerações que se superpunham às gerações, umas tristes, como os Hebreus do cativeiro, outras alegres, como os devassos de Cômodo, e todas elas pontuais na sepultura. Quis fugir, mas uma força misteriosa me retinha os pés; então disse comigo:  Bem, os séculos vão passando, chegará o meu, e passará também, até o último, que me dará a decifração da eternidade. E fixei os olhos, e continuei a ver as idades, que vinham chegando e passando, já então tranqüilo e resoluto, não sei até se alegre. Talvez alegre. Cada século trazia a sua porção de sombra e de luz, de apatia e de combate, de verdade e de erro, e o seu cortejo de sistemas, de idéias novas, de novas ilusões; cada um deles rebentavam as verduras de uma primavera, e amareleciam depois, para remoçar mais tarde. Ao passo que a vida tinha assim uma regularidade de calendário, fazia-se a história e a civilização, e o homem, nu e desarmado, armava-se e vestia-se, construía o tugúrio e o palácio, a rude aldeia e Tebas de cem portas, criava a ciência, que perscruta, e a arte que enleva, fazia-se orador, mecânico, filósofo, corria a face do globo, descia ao ventre da Terra, subia à esfera das nuvens, colaborando assim na obra misteriosa, com que entretinha a necessidade da vida e a melancolia do desamparo. Meu olhar, enfarado e distraído, viu enfim chegar o século presente, e atrás deles os futuros. Aquele vinha ágil, destro, vibrante, cheio de si, um pouco difuso, audaz, sabedor, mas ao cabo tão miserável como os primeiros, e assim passou e assim passaram os outros, com a mesma rapidez e igual monotonia. Redobrei de atenção; fitei a vista; ia enfim ver o último,  o último!; mas então já a rapidez da marcha era tal, que escapava a toda a compreensão; ao pé dela o relâmpago seria um século. Talvez por isso entraram os objetos a trocarem-se; uns cresceram, outros minguaram, outros perderam-se no ambiente; um nevoeiro cobriu tudo,  menos o hipopótamo que ali me trouxera, e que aliás começou a diminuir, a diminuir, a diminuir, até ficar do tamanho de um gato. Era efetivamente um gato. Encarei-o bem; era o meu gato Sultão, que brincava à porta da alcova, com uma bola de papel..."
"Machado de Assis","Memorias Postumas de Bras Cubas","9","VIII / RAZÃO CONTRA SANDICE Já o leitor compreendeu que era a Razão que voltava à casa, e convidava a Sandice a sair, clamando, e com melhor jus, as palavras de Tartufo: La maison est à moi, c'est à vous d'en sortir. Mas é sestro antigo da Sandice criar amor às casas alheias, de modo que, apenas senhora de uma, dificilmente lha farão despejar. É sestro; não se tira daí; há muito que lhe calejou a vergonha. Agora, se advertirmos no imenso número de casas que ocupa, umas de vez, outras durante as suas estações calmosas, concluiremos que esta amável peregrina é o terror dos proprietários. No nosso caso, houve quase um distúrbio à porta do meu cérebro, porque a adventícia não queria entregar a casa, e a dona não cedia da intenção de tomar o que era seu. Afinal, já a Sandice se contentava com um cantinho no sótão.  Não, senhora, replicou a Razão, estou cansada de lhe ceder sótãos, cansada e experimentada, o que você quer é passar mansamente do sótão à sala de jantar, daí à de visitas e ao resto.  Está bem, deixe-me ficar algum tempo mais, estou na pista de um mistério...  Que mistério?  De dois, emendou a Sandice; o da vida e o da morte; peço-lhe só uns dez minutos. A Razão pôs-se a rir.  Hás de ser sempre a mesma coisa... sempre a mesma coisa... sempre a mesma coisa... E dizendo isto, travou-lhe dos pulsos e arrastou-a para fora; depois entrou e fechou-se. A Sandice ainda gemeu algumas súplicas, grunhiu algumas zangas; mas desenganou-se depressa, deitou a língua de fora, em ar de surriada, e foi andando..."
"Machado de Assis","Memorias Postumas de Bras Cubas","10","IX / TRANSIÇÃO E vejam agora com que destreza; com que arte faço eu a maior transição deste livro. Vejam: o meu delírio começou em presença de Virgília; Virgília foi o meu grão pecado da juventude; não há juventude sem meninice; meninice supõe nascimento; e eis aqui como chegamos nós, sem esforço, ao dia 20 de outubro de 1805, em que nasci. Viram? Nenhuma juntura aparente, nada que divirta a atenção pausada do leitor: nada. De modo que o livro fica assim com todas as vantagens do método, sem a rigidez do método. Na verdade, era tempo. Que isto de método, sendo, como é, uma coisa indispensável, todavia é melhor tê-lo sem gravata nem suspensórios, mas um pouco à fresca e à solta, como quem não se lhe dá da vizinha fronteira, nem do inspetor de quarteirão. É como a eloqüência, que há uma genuína e vibrante, de uma arte natural e feiticeira, e outra tesa, engomada e chocha. Vamos ao dia 20 de outubro."
"Machado de Assis","Memorias Postumas de Bras Cubas","11","X / NAQUELE DIA Naquele dia, a árvore dos Cubas brotou uma graciosa flor. Nasci; recebeu-me nos braços a Pascoela, insigne parteira minhota, que se gabava de ter aberto a porta do mundo a uma geração inteira de fidalgos. Não é impossível que meu pai lhe ouvisse tal declaração; creio, todavia, que o sentimento paterno é que o induziu a gratificá-la com duas meias dobras. Lavado e enfaixado, fui desde logo o herói da nossa casa. Cada qual prognosticava a meu respeito o que mais lhe quadrava ao sabor. Meu tio João, o antigo oficial de infantaria, achava-me um certo olhar de Bonaparte, coisa que meu pai não pôde ouvir sem náuseas; meu tio Ildefonso, então simples padre, farejavame cônego.  Cônego é o que ele há de ser, e não digo mais por não parecer orgulho; mas não me admiraria nada se Deus o destinasse a um bispado... É verdade, um bispado; não é coisa impossível. Que diz você, mano Bento? Meu pai respondia a todos que eu seria o que Deus quisesse; e alçava-me ao ar, como se intentasse mostrar-me à cidade e ao mundo; perguntava a todos se eu me parecia com ele, se era inteligente, bonito... Digo essas coisas por alto, segundo as ouvi narrar anos depois; ignoro a mor parte dos pormenores daquele famoso dia. Sei que a vizinhança veio ou mandou cumprimentar o recém-nascido, e que durante as primeiras semanas muitas foram as visitas em nossa casa. Não houve cadeirinha que não trabalhasse; aventou-se muita casaca e muito calção. Se não conto os mimos, os beijos, as admirações, as bênçãos, é porque, se os contasse, não acabaria mais o capítulo, e é preciso acabá-lo. Item, não posso dizer nada do meu batizado, porque nada me referiram a tal respeito, a não ser que foi uma das mais galhardas festas do ano seguinte, 1806; batizei-me na igreja de São Domingos, uma terça-feira de março, dia claro, luminoso e puro, sendo padrinhos o Coronel Rodrigues de Matos e sua senhora. Um e outro descendiam de velhas famílias do Norte e honravam deveras o sangue que lhes corria nas veias, outrora derramado na guerra contra Holanda. Cuido que os nomes de ambos foram das primeiras coisas que aprendi; e certamente os dizia com muita graça, ou revelava algum talento precoce, porque não havia pessoa estranha diante de quem me não obrigassem a recitá-los.  Nhonhô, diga a estes senhores como é que se chama seu padrinho.  Meu padrinho? é o Excelentíssimo Senhor Coronel Paulo Vaz Lobo César de Andrade e Sousa Rodrigues de Matos; minha madrinha é a Excelentíssima Senhora D. Maria Luísa de Macedo Resende e Sousa Rodrigues de Matos.  É muito esperto o seu menino! exclamavam os ouvintes.  Muito esperto, concordava meu pai; e os olhos babavam-se-lhe de orgulho, e ele espalmava a mão sobre a minha cabeça, fitava-me longo tempo, namorado, cheio de si. Item, comecei a andar, não sei bem quando, mas antes do tempo. Talvez por apressar a natureza, obrigavam-me cedo a agarrar às cadeiras, pegavam-me da fralda, davam-me carrinhos de pau.  Só só, nhonhô, só só, dizia-me a mucama. E eu, atraído pelo chocalho de lata, que minha mãe agitava diante de mim, lá ia para a frente, cai aqui, cai acolá; e andava, provavelmente mal, mas andava, e fiquei andando."
"Machado de Assis","Memorias Postumas de Bras Cubas","12","XI / O MENINO É PAI DO HOMEM Cresci; e nisso é que a família não interveio; cresci naturalmente, como crescem as magnólias e os gatos. Talvez os gatos são menos matreiros, e com certeza, as magnólias são menos inquietas do que eu era na minha infância. Um poeta dizia que o menino é pai do homem. Se isto é verdade, vejamos alguns lineamentos do menino. Desde os cinco anos merecera eu a alcunha de menino diabo; e verdadeiramente não era outra coisa; fui dos mais malignos do meu tempo, arguto, indiscreto, traquinas e voluntarioso. Por exemplo, um dia quebrei a cabeça de uma escrava, porque me negara uma colher do doce de coco que estava fazendo, e, não contente com o malefício, deitei um punhado de cinza ao tacho, e, não satisfeito da travessura, fui dizer à minha mãe que a escrava é que estragara o doce por pirraça; e eu tinha apenas seis anos. Prudêncio, um moleque de casa, era o meu cavalo de todos os dias; punha as mãos no chão, recebia um cordel nos queixos, à guisa de freio, eu trepavalhe ao dorso, com uma varinha na mão, fustigava-o, dava mil voltas a um e outro lado, e ele obedecia,  algumas vezes gemendo,  mas obedecia sem dizer palavra, ou, quando muito, um  ai, nhonhô!  ao que eu retorquia:  Cala a boca, besta!  Esconder os chapéus das visitas, deitar rabos de papel a pessoas graves, puxar pelo rabicho das cabeleiras, dar beliscões nos braços das matronas, e outras muitas façanhas deste jaez, eram mostras de um gênio indócil, mas devo crer que eram também expressões de um espírito robusto, porque meu pai tinha-me em grande admiração; e se às vezes me repreendia, à vista de gente, fazia-o por simples formalidade: em particular dava-me beijos. Não se conclua daqui que eu levasse todo o resto da minha vida a quebrar a cabeça dos outros nem a esconder-lhes os chapéus; mas opiniático, egoísta e algo contemptor dos homens, isso fui; se não passei o tempo a esconder-lhes os chapéus, alguma vez lhes puxei pelo rabicho das cabeleiras. Outrossim, afeiçoei-me à contemplação da injustiça humana, inclineime a atenuá-la, a explicá-la, a classifiquei-a por partes, a entendê-la, não segundo um padrão rígido, mas ao sabor das circunstâncias e lugares. Minha mãe doutrinava-me a seu modo, fazia-me decorar alguns preceitos e orações; mas eu sentia que, mais do que as orações, me governavam os nervos e o sangue, e a boa regra perdia o espírito, que a faz viver, para se tornar uma vã fórmula. De manhã, antes do mingau, e de noite, antes da cama, pedia a Deus que me perdoasse, assim como eu perdoava aos meus devedores; mas entre a manhã e a noite fazia uma grande maldade, e meu pai, passado o alvoroço, dava-me pancadinhas na cara, e exclamava a rir: Ah! brejeiro! ah! brejeiro! Sim, meu pai adorava-me. Minha mãe era uma senhora fraca, de pouco cérebro e muito coração, assaz crédula, sinceramente piedosa,  caseira, apesar de bonita, e modesta, apesar de abastada; temente às trovoadas e ao marido. O marido era na Terra o seu deus. Da colaboração dessas duas criaturas nasceu a minha educação, que, se tinha alguma coisa boa, era no geral viciosa, incompleta, e, em partes, negativa. Meu tio cônego fazia às vezes alguns reparos ao irmão; dizia-lhe que ele me dava mais liberdade do que ensino, e mais afeição do que emenda; mas meu pai respondia que aplicava na minha educação um sistema inteiramente superior ao sistema usado; e por este modo, sem confundir o irmão, iludia-se a si próprio. De envolta com a transmissão e a educação, houve ainda o exemplo estranho, o meio doméstico. Vimos os pais; vejamos os tios. Um deles, o João, era um homem de língua solta, vida galante, conversa picaresca. Desde os onze anos entrou a admitir-me às anedotas reais ou não, eivadas todas de obscenidade ou imundície. Não me respeitava a adolescência, como não respeitava a batina do irmão; com a diferença que este fugia logo que ele enveredava por assunto escabroso. Eu não; deixava-me estar, sem entender nada, a princípio, depois entendendo, e enfim achando-lhe graça. No fim de certo tempo, quem o procurava era eu; e ele gostava muito de mim, dava-me doces, levava-me a passeio. Em casa, quando lá ia passar alguns dias, não poucas vezes me aconteceu achá-lo, no fundo da chácara, no lavadouro, a palestrar com as escravas que batiam roupa; aí é que era um desfiar de anedotas, de ditos, de perguntas, e um estalar de risadas, que ninguém podia ouvir, porque o lavadouro ficava muito longe de casa. As pretas, com uma tanga no ventre, a arregaçar-lhes um palmo dos vestidos, umas dentro do tanque, outras fora, inclinadas sobre as peças de roupa, a batê-las, a ensaboá-las, a torcê-las, iam ouvindo e redargüindo às pilhérias do tio João, e a comentá-las de quando em quando com esta palavra:  Cruz, diabo!... Este sinhô João é o diabo! Bem diferente era o tio cônego. Esse tinha muita austeridade e pureza; tais dotes, contudo, não realçavam um espírito superior, apenas compensavam um espírito medíocre. Não era homem que visse a parte substancial da igreja; via o lado externo, a hierarquia, as preeminências, as sobrepelizes, as circunflexões. Vinha antes da sacristia que do altar. Uma lacuna no ritual excitava-o mais do que uma infração dos mandamentos. Agora, a tantos anos de distância, não estou certo se ele poderia atinar facilmente com um trecho de Tertuliano, ou expor, sem titubear, a história do símbolo de Nicéia; mas ninguém, nas festas cantadas, sabia melhor o número e casos das cortesias que se deviam ao oficiante. Cônego foi a única ambição de sua vida; e dizia de coração que era a maior dignidade a que podia aspirar. Piedoso, severo nos costumes, minucioso na observância das regras, frouxo, acanhado, subalterno, possuía algumas virtudes, em que era exemplar, mas carecia absolutamente da força de as incutir, de as impor aos outros. Não digo nada de minha tia materna, D. Emerenciana, e aliás era a pessoa que mais autoridade tinha sobre mim; essa diferençava-se grandemente dos outros; mas viveu pouco tempo em nossa companhia, uns dois anos. Outros parentes e alguns íntimos não merecem a pena de ser citados; não tivemos uma vida comum, mas intermitente, com grandes claros de separação. O que importa é a expressão geral do meio doméstico, e essa aí fica indicada,  vulgaridade de caracteres, amor das aparências rutilantes, do arruído, frouxidão da vontade, domínio do capricho, e o mais. Dessa terra e desse estrume é que nasceu esta flor."
"Machado de Assis","Memorias Postumas de Bras Cubas","13","XII / UM EPISÓDIO DE 1814 Mas eu não quero passar adiante, sem contar sumariamente um galante episódio de 1814; tinha nove anos. Napoleão, quando eu nasci, estava já em todo o esplendor da glória e do poder; era imperador e granjeara inteiramente a admiração dos homens. Meu pai, que à força de persuadir os outros da nossa nobreza, acabara persuadindo-se a si próprio, nutria contra ele um ódio puramente mental. Era isso motivo de renhidas contendas em nossa casa, porque meu tio João, não sei se por espírito de classe e simpatia de ofício, perdoava no déspota o que admirava no general, meu tio padre era inflexível contra o corso; os outros parentes dividiam-se: daí as controvérsias e as rusgas. Chegando ao Rio de Janeiro a notícia da primeira queda de Napoleão, houve naturalmente grande abalo em nossa casa, mas nenhum chasco ou remoque. Os vencidos, testemunhas do regozijo público, julgaram mais decoroso o silêncio; alguns foram além e bateram palmas. A população, cordialmente alegre, não regateou demonstrações de afeto à real família; houve iluminações, salvas, Te- Deum, cortejo e aclamações. Figurei nesses dias com um espadim novo, que meu padrinho me dera no dia de Santo Antônio; e, francamente, interessava-me mais o espadim do que a queda de Bonaparte. Nunca me esqueceu esse fenômeno. Nunca mais deixei de pensar comigo que o nosso espadim é sempre maior do que a espada de Napoleão. E notem que eu ouvi muito discurso, quando era vivo, li muita página rumorosa de grandes idéias e maiores palavras, mas não sei por que, no fundo dos aplausos que me arrancavam da boca, lá ecoava alguma vez este conceito de experimentado:  Vai-te embora, tu só cuidas do espadim. Não se contentou a minha família em ter um quinhão anônimo no regozijo público; entendeu oportuno e indispensável celebrar a destituição do imperador com um jantar, e tal jantar que o ruído das aclamações chegasse aos ouvidos de Sua Alteza, ou quando menos, de seus ministros. Dito e feito. Veio abaixo toda a velha prataria, herdada do meu avô Luís Cubas; vieram as toalhas de Flandres, as grandes jarras da Índia; matou-se um capado; encomendaram-se às madres da Ajuda as compotas e as marmeladas; lavaram-se, arearam-se, poliram-se as salas, escadas, castiçais, arandelas, as vastas mangas de vidro, todos os aparelhos do luxo clássico. Dada a hora, achou-se reunida uma sociedade seleta: o juiz-de-fora, três ou quatro oficiais militares, alguns comerciantes e letrados, vários funcionários da administração, uns com suas mulheres e filhas, outros sem elas, mas todos comungando no desejo de atolar a memória de Bonaparte no papo de um peru. Não era um jantar, mas um Te-Deum; foi o que pouco mais ou menos disse um dos letrados presentes, o Dr. Vilaça, glosador insigne, que acrescentou aos pratos de casa o acepipe das musas. Lembra-me, como se fosse ontem, lembra-me de o ver erguer-se, com a sua longa cabeleira de rabicho, casaca de seda, uma esmeralda no dedo, pedir a meu tio padre que lhe repetisse o mote, e, repetido o mote, cravar os olhos na testa de uma senhora, depois tossir, alçar a mão direita, toda fechada, menos o dedo índice, que apontava para o teto; e, assim posto e composto, devolver o mote glosado. Não fez uma glosa, mas três; depois jurou aos seus deuses não acabar mais. Pedia um mote, davam-lho, ele glosava-o prontamente, e logo pedia outro e mais outro; a tal ponto que uma das senhoras presentes não pôde calar a sua grande admiração.  A senhora diz isso, retorquia modestamente o Vilaça, porque nunca ouviu o Bocage, como eu ouvi, no fim do século, em Lisboa. Aquilo sim! que facilidade! e que versos! Tivemos lutas de uma e duas horas, no botequim do Nicola, a glosarmos, no meio de palmas e bravos. Imenso talento o do Bocage! Era o que me dizia, há dias, a senhora Duquesa de Cadaval... E estas três palavras últimas, expressas com muita ênfase, produziram em toda a assembléia um frêmito de admiração e pasmo. Pois esse homem tão dado, tão simples, além de pleitear com poetas, discreteava com duquesas! Um Bocage e uma Cadaval! Ao contato de tal homem, as damas sentiam-se superfinas; os varões olhavam-no com respeito, alguns com inveja, não raros com incredulidade. Ele, entretanto, ia caminho, a acumular adjetivo sobre adjetivo, advérbio sobre advérbio, a desfiar todas as rimas de tirano e de usurpador. Era à sobremesa; ninguém já pensava em comer. No intervalo das glosas, corria um burburinho alegre, um palavrear de estômagos satisfeitos; os olhos moles e úmidos, ou vivos e cálidos, espreguiçavam-se ou saltitavam de uma ponta à outra da mesa, atulhada de doces e frutas, aqui o ananás em fatias, ali o melão em talhadas, as compoteiras de cristal deixando ver o doce de coco, finamente ralado, amarelo como uma gema,  ou então o melado escuro e grosso, não longe do queijo e do cará. De quando em quando um riso jovial, amplo, desabotoado, um riso de família, vinha quebrar a gravidade política do banquete. No meio do interesse grande e comum, agitavam-se também os pequenos e particulares. As moças falavam das modinhas que haviam de cantar ao cravo, e do minuete e do solo inglês; nem faltava matrona que prometesse bailar um oitavado de compasso, só para mostrar como folgara nos seus bons tempos de criança. Um sujeito, ao pé de mim, dava a outro notícia recente dos negros novos, que estavam a vir, segundo cartas que recebera de Loanda, uma carta em que o sobrinho lhe dizia ter já negociado cerca de quarenta cabeças, e outra carta em que... Traziaas justamente na algibeira, mas não as podia ler naquela ocasião. O que afiançava é que podíamos contar, só nessa viagem, uns cento e vinte negros, pelo menos.  Trás... trás... trás... fazia o Vilaça batendo com as mãos uma na outra. O rumor cessava de súbito, como um estacado de orquestra, e todos os olhos se voltavam para o glosador. Quem ficava longe aconcheava a mão atrás da orelha para não perder palavra; a mor parte, antes mesmo da glosa, tinha já um meio riso de aplauso, trivial e cândido. Quanto a mim, lá estava, solitário e deslembrado, a namorar certa compota da minha paixão. No fim de cada glosa ficava muito contente, esperando que fosse a última, mas não era, e a sobremesa continuava intata. Ninguém se lembrava de dar a primeira voz. Meu pai, à cabeceira, saboreava a goles extensos a alegria dos convivas, mirava-se todo nos carões alegres, nos pratos, nas flores, deliciavase com a familiaridade travada entre os mais distantes espíritos, influxo de um bom jantar. Eu via isso, porque arrastava os olhos da compota para ele e dele para a compota, como a pedir-lhe que ma servisse; mas fazia-o em vão. Ele não via nada; via-se a si mesmo. E as glosas sucediam-se, como bátegas d'água, obrigando-me a recolher o desejo e o pedido. Pacientei quanto pude; e não pude muito. Pedi em voz baixa o doce; enfim, bradei, berrei, bati com os pés. Meu pai, que seria capaz de me dar o sol, se eu lho exigisse, chamou um escravo para me servir o doce; mas era tarde. A tia Emerenciana arrancara-me da cadeira e entregara-me a uma escrava, não obstante os meus gritos e repelões. Não foi outro o delito do glosador: retardara a compota e dera causa à minha exclusão. Tanto bastou para que eu cogitasse uma vingança, qualquer que fosse, mas grande e exemplar, coisa que de alguma maneira o tornasse ridículo. Que ele era um homem grave o Dr. Vilaça, medido e lento, quarenta e sete anos, casado e pai. Não me contentava o rabo de papel nem o rabicho da cabeleira; havia de ser coisa pior. Entrei a espreitá-lo, durante o resto da tarde, a segui-lo, na chácara, aonde todos desceram a passear. Vi-o conversar com D. Eusébia, irmã do sargento-mor Domingues, uma robusta donzelona, que se não era bonita, também não era feia.  Estou muito zangada com o senhor, dizia ela.  Por quê?  Porque... não sei por quê... porque é a minha sina... creio às vezes que é melhor morrer. Tinham penetrado numa pequena moita; era lusco-fusco; eu seguios. O Vilaça levava nos olhos umas chispas de vinho e de volúpia.  Deixe-me! disse ela.  Ninguém nos vê. Morrer, meu anjo? Que idéias são essas! Você sabe que eu morrerei também... que digo?... morro todos os dias, de paixão, de saudades... D. Eusébia levou o lenço aos olhos. O glosador vasculhava na memória algum pedaço literário e achou este, que mais tarde verifiquei ser de uma das óperas do Judeu:  Não chores, meu bem; não queiras que o dia amanheça com duas auroras. Disse isto; puxou-a para si; ela resistiu um pouco, mas deixou-se ir; uniram os rostos, e eu ouvi estalar, muito ao de leve, um beijo, o mais medroso dos beijos.  O Dr. Vilaça deu um beijo em D. Eusébia! bradei eu correndo pela chácara. Foi um estouro esta minha palavra; a estupefação imobilizou a todos; os olhos espraiavam-se a uma e outra banda; trocavam-se sorrisos, segredos, à socapa, as mães arrastavam as filhas, pretextando o sereno. Meu pai puxou-me as orelhas, disfarçadamente, irritado deveras com a indiscrição; mas no dia seguinte, ao almoço, lembrando o caso, sacudiu-me o nariz a rir: Ah! brejeiro! ah! brejeiro!"
"Machado de Assis","Memorias Postumas de Bras Cubas","14","XIII / UM SALTO Unamos agora os pés e demos um salto por cima da escola, a enfadonha escola, onde aprendi a ler, escrever, contar, dar cacholetas, apanhá-las, e ir fazer diabruras, ora nos morros, ora nas praias, onde quer que fosse propício a ociosos. Tinha amarguras esse tempo; tinha os ralhos, os castigos, as lições árduas e longas, e pouco mais, muito pouco e muito leve. Só era pesada, a palmatória, e ainda assim... Ó palmatória, terror dos meus dias pueris, tu que foste o compelle intrare com que um velho mestre, ossudo e calvo, me incutiu no cérebro o alfabeto, a prosódia, a sintaxe, e o mais que ele sabia, benta palmatória, tão praguejada dos modernos, quem me dera ter ficado sob o teu jugo, com a minha alma imberbe, as minhas ignorâncias, e o meu espadim, aquele espadim de 1814, tão superior à espada de Napoleão! Que querias tu, afinal, meu velho mestre de primeiras letras? Lição de cor e compostura na aula; nada mais, nada menos do que quer a vida, que é das últimas letras; com a diferença que tu, se me metias medo, nunca me meteste zanga. Vejo-te ainda agora entrar na sala, com as tuas chinelas de couro branco, capote, lenço na mão, calva à mostra, barba rapada; vejo-te sentar, bufar, grunhir, absorver uma pitada inicial, e chamar-nos depois à lição. E fizeste isto durante vinte e três anos, calado, obscuro, pontual, metido numa casinha da Rua do Piolho, sem enfadar o mundo com a tua mediocridade, até que um dia deste o grande mergulho nas trevas, e ninguém te chorou, salvo um preto velho,  ninguém, nem eu, que te devo os rudimentos da escrita. Chamava-se Ludgero o mestre; quero escrever-lhe o nome todo nesta página: Ludgero Barata,  um nome funesto, que servia aos meninos de eterno mote a chufas. Um de nós, o Quincas Borba, esse então era cruel com o pobre homem. Duas, três vezes por semana, havia de lhe deixar na algibeira das calças,  umas largas calças de enfiar , ou na gaveta da mesa, ou ao pé do tinteiro, uma barata morta. Se ele a encontrava ainda nas horas da aula, dava um pulo, circulava os olhos chamejantes, dizia-nos os últimos nomes: éramos sevandijas, capadócios, malcriados, moleques.  Uns tremiam, outros rosnavam; o Quincas Borba, porém, deixava-se estar quieto, com os olhos espetados no ar. Uma flor, o Quincas Borba. Nunca em minha infância, nunca em toda a minha vida, achei um menino mais gracioso, inventivo e travesso. Era a flor, e não já da escola, senão de toda a cidade. A mãe, viúva, com alguma coisa de seu, adorava o filho e trazia-o amimado, asseado, enfeitado, com um vistoso pajem atrás, um pajem que nos deixava gazear a escola, ir caçar ninhos de pássaros, ou perseguir lagartixas nos morros do Livramento e da Conceição, ou simplesmente arruar, à toa, como dois peraltas sem emprego. E de imperador! Era um gosto ver o Quincas Borba fazer de imperador nas festas do Espírito Santo. De resto, nos nossos jogos pueris, ele escolhia sempre um papel de rei, ministro, general, uma supremacia, qualquer que fosse. Tinha garbo o traquinas, e gravidade, certa magnificência nas atitudes, nos meneios. Quem diria que... Suspendamos a pena; não adiantemos os sucessos. Vamos de um salto a 1822, data da nossa independência política, e do meu primeiro cativeiro pessoal."
"Machado de Assis","Memorias Postumas de Bras Cubas","15","XIV / O PRIMEIRO BEIJO Tinha dezessete anos; pungia-me um buçozinho que eu forcejava por trazer a bigode. Os olhos, vivos e resolutos, eram a minha feição verdadeiramente máscula. Como ostentasse certa arrogância, não se distinguia bem se era uma criança, com fumos de homem, se um homem com ares de menino. Ao cabo, era um lindo garção, lindo e audaz, que entrava na vida de botas e esporas, chicote na mão e sangue nas veias, cavalgando um corcel nervoso, rijo, veloz, como o corcel das antigas baladas, que o romantismo foi buscar ao castelo medieval, para dar com ele nas ruas do nosso século. O pior é que o estafaram a tal ponto, que foi preciso deitá-lo à margem, onde o realismo o veio achar, comido de lazeira e vermes, e, por compaixão, o transportou para os seus livros. Sim, eu era esse garção bonito, airoso, abastado; e facilmente se imagina que mais de uma dama inclinou diante de mim a fronte pensativa, ou levantou para mim os olhos cobiçosos. De todas porém a que me cativou logo foi uma... uma... não sei se diga; este livro é casto, ao menos na intenção; na intenção é castíssimo. Mas vá lá; ou se há de dizer tudo ou nada. A que me cativou foi uma dama espanhola, Marcela, a linda Marcela, como lhe chamavam os rapazes do tempo. E tinham razão os rapazes. Era filha de um hortelão das Astúrias; disse-mo ela mesma, num dia de sinceridade, porque a opinião aceita é que nascera de um letrado de Madri, vítima da invasão francesa, ferido, encarcerado, espingardeado, quando ela tinha apenas doze anos. Cosas de España. Quem quer que fosse, porém, o pai, letrado ou hortelão, a verdade é que Marcela não possuía a inocência rústica, e mal chegava a entender a moral do código. Era boa moça, lépida, sem escrúpulos, um pouco tolhida pela austeridade do tempo, que lhe não permitia arrastar pelas ruas os seus estouvamentos e berlindas; luxuosa, impaciente, amiga de dinheiro e de rapazes. Naquele ano, morria de amores por um certo Xavier, sujeito abastado e tísico,  uma pérola. Vi-a pela primeira vez, no Rocio Grande, na noite das luminárias, logo que constou a declaração da independência, uma festa de primavera, um amanhecer da alma pública. Éramos dois rapazes, o povo e eu; vínhamos da infância, com todos os arrebatamentos da juventude. Vi-a sair de uma cadeirinha, airosa e vistosa, um corpo esbelto, ondulante, um desgarre, alguma coisa que nunca achara nas mulheres puras.  Segue-me, disse ela ao pajem. E eu segui-a, tão pajem como o outro, como se a ordem me fosse dada, deixei-me ir namorado, vibrante, cheio das primeiras auroras. A meio caminho, chamaram-lhe linda Marcela, lembrou-me que ouvira tal nome a meu tio João, e fiquei, confesso que fiquei tonto. Três dias depois perguntou-me meu tio, em segredo, se queria ir a uma ceia de moças, nos Cajueiros. Fomos; era em casa de Marcela. O Xavier, com todos os seus tubérculos, presidia ao banquete noturno, em que eu pouco ou nada comi, porque só tinha olhos para a dona da casa. Que gentil que estava a espanhola! Havia mais uma meia dúzia de mulheres,  todas de partido , e bonitas, cheias de graça, mas a espanhola... O entusiasmo, alguns goles de vinho, o gênio imperioso, estouvado, tudo isso me levou a fazer uma coisa única; à saída, à porta da rua, disse a meu tio que esperasse um instante, e tornei a subir as escadas.  Esqueceu alguma coisa? perguntou Marcela de pé, no patamar.  O lenço. Ela ia abrir-me caminho para tornar à sala; eu segurei-lhe nas mãos, puxei-a para mim, e dei-lhe um beijo. Não sei se ela disse alguma coisa, se gritou, se chamou alguém; não sei nada; sei que desci outra vez as escadas, veloz como um tufão, e incerto como um ébrio."
"Machado de Assis","Memorias Postumas de Bras Cubas","16","XV / MARCELA Gastei trinta dias para ir do Rocio Grande ao coração de Marcela, não já cavalgando o corcel do cego desejo, mas o asno da paciência, a um tempo manhoso e teimoso. Que, em verdade, há dois meios de granjear a vontade das mulheres: o violento, como o touro de Europa, e o insinuativo, como o cisne de Leda e a chuva de ouro de Danae, três inventos do Padre Zeus, que, por estarem fora da moda, aí ficam trocados no cavalo e no asno. Não direi as traças que urdi, nem as peitas, nem as alternativas de confiança e temor, nem as esperas baldadas, nem nenhuma outra dessas coisas preliminares. Afirmo-lhes que o asno foi digno do corcel,  um asno de Sancho, deveras filósofo, que me levou à casa dela, no fim do citado período; apeei-me, bati-lhe na anca e mandei-o pastar. Primeira comoção da minha juventude, que doce que me foste! Tal devia ser, na criação bíblica, o efeito do primeiro sol. Imagina tu esse efeito do primeiro sol, a bater de chapa na face de um mundo em flor. Pois foi a mesma coisa, leitor amigo, e se alguma vez contaste dezoito anos, deves lembrar-te que foi assim mesmo. Teve duas fases a nossa paixão, ou ligação, ou qualquer outro nome, que eu de nomes não curo, teve a fase consular e a fase imperial. Na primeira, que foi curta, regemos o Xavier e eu, sem que ele jamais acreditasse dividir comigo o governo de Roma; mas, quando a credulidade não pôde resistir à evidência, o Xavier depôs as insígnias, e eu concentrei todos os poderes na minha mão; foi a fase cesariana. Era meu o universo; mas, ai triste! não o era de graça. Foi-me preciso coligir dinheiro, multiplicá-lo, inventá-lo. Primeiro explorei as larguezas de meu pai; ele dava-me tudo o que eu lhe pedia, sem repreensão, sem demora, sem frieza; dizia a todos que eu era rapaz e que ele o fora também. Mas a tal extremo chegou o abuso, que ele restringiu um pouco as franquezas, depois mais, depois mais. Então recorri a minha mãe, e induzi-a a desviar alguma coisa, que me dava às escondidas. Era pouco; lancei mão de um recurso último: entrei a sacar sobre a herança de meu pai, a assinar obrigações, que devia resgatar um dia com usura.  Em verdade, dizia-me Marcela, quando eu lhe levava alguma seda, alguma jóia: em verdade, você quer brigar comigo... Pois isto é coisa que se faça... um presente tão caro... E, se era jóia, dizia isto a contemplá-la entre os dedos, a procurar melhor luz, a ensaiá-la em si, e a rir, e a beijar-me com uma reincidência impetuosa e sincera; mas, protestando, derramava-selhe a felicidade dos olhos, e eu sentia-me feliz com vê-la assim. Gostava muito das nossas antigas dobras de ouro, e eu levava-lhe quantas podia obter; Marcela juntava-as todas dentro de uma caixinha de ferro, cuja chave ninguém nunca jamais soube onde ficava; escondia-a por medo dos escravos. A casa em que morava, nos Cajueiros, era própria. Eram sólidos e bons os móveis, de jacarandá lavrado, e todas as demais alfaias, espelhos, jarras, baixela,  uma linda baixela da Índia, que lhe doara um desembargador. Baixela do diabo, deste-me grandes repelões aos nervos. Disse-o muita vez à própria dona; não lhe dissimulava o tédio que me faziam esses e outros despojos dos seus amores de antanho. Ela ouvia-me e ria, com uma expressão cândida,  cândida e outra coisa, que eu nesse tempo não entendia bem; mas agora, relembrando o caso, penso que era um riso misto, como devia ter a criatura que nascesse, por exemplo, de uma bruxa de Shakespeare com um serafim de Klopstock. Não sei se me explico. E porque tinha notícia dos meus zelos tardios, parece que gostava de os açular mais. Assim foi que um dia, como eu lhe não pudesse dar certo colar, que ela vira num joalheiro, retorquiu-me que era um simples gracejo, que o nosso amor não precisava de tão vulgar estímulo.  Não lhe perdôo, se você fizer de mim essa triste idéia, concluiu ameaçando-me com o dedo. E logo, súbita como um passarinho, espalmou as mãos, cingiu-me com elas o rosto, puxou-me a si e fez um trejeito gracioso, um momo de criança. Depois, reclinada na marquesa, continuou a falar daquilo, com simplicidade e franqueza. Jamais consentiria que lhe comprassem os afetos. Vendera muita vez as aparências, mas a realidade, guardava-a para poucos. Duarte, por exemplo, o alferes Duarte, que ela amara deveras, dois anos antes, só a custo conseguia dar-lhe alguma coisa de valor, como me acontecia a mim; ela só lhe aceitava sem relutância os mimos de escasso preço, como a cruz de ouro, que lhe deu, uma vez, de festas.  Esta cruz... Dizia isto, metendo a mão no seio e tirando uma cruz fina, de ouro, presa a uma fita azul e pendurada ao colo.  Mas essa cruz, observei eu, não me disseste que era teu pai que... Marcela abanou a cabeça com um ar de lástima:  Não percebeste que era mentira, que eu dizia isso para te não molestar? Vem cá, chiquito, não sejas assim desconfiado comigo... Amei a outro; que importa, se acabou? Um dia, quando nos separarmos...  Não digas isso! bradei eu.  Tudo cessa! Um dia... Não pôde acabar; um soluço estrangulou-lhe a voz; estendeu as mãos, tomou das minhas, conchegou-me ao seio, e sussurrou-me baixo ao ouvido:  Nunca, nunca, meu amor! Eu agradeci-lho com os olhos úmidos. No dia seguinte levei-lhe o colar que havia recusado.  Para te lembrares de mim, quando nos separarmos, disse eu. Marcela teve primeiro um silêncio indignado; depois fez um gesto magnífico: tentou atirar o colar à rua. Eu retive-lhe o braço; pedi-lhe muito que não me fizesse tal desfeita, que ficasse com a jóia. Sorriu e ficou. Entretanto, pagava-me à farta os sacrifícios; espreitava os meus mais recônditos pensamentos; não havia desejo a que não acudisse com alma, sem esforço, por uma espécie de lei da consciência e necessidade do coração. Nunca o desejo era razoável, mas um capricho puro, uma criancice, vê-la trajar de certo modo, com tais e tais enfeites, este vestido e não aquele, ir a passeio ou outra coisa assim, e ela cedia a tudo, risonha e palreira.  Você é das Arábias, dizia-me. E ia a pôr o vestido, a renda, os brincos, com uma obediência de encantar."
"Machado de Assis","Memorias Postumas de Bras Cubas","17","XVI / UMA REFLEXÃO IMORAL Ocorre-me uma reflexão imoral, que é ao mesmo tempo uma correção de estilo. Cuido haver dito, no capítulo XIV, que Marcela morria de amores pelo Xavier. Não morria, vivia. Viver não é a mesma coisa que morrer; assim o afirmam todos os joalheiros deste mundo, gente muito vista na gramática. Bons joalheiros, que seria do amor se não fossem os vossos dixes e fiados? Um terço ou um quinto do universal comércio dos corações. Esta é a reflexão imoral que eu pretendia fazer, a qual é ainda mais obscura do que imoral, porque não se entende bem o que eu quero dizer. O que eu quero dizer é que a mais bela testa do mundo não fica menos bela, se a cingir um diadema de pedras finas; nem menos bela, nem menos amada. Marcela, por exemplo, que era bem bonita, Marcela amou-me..."
"Machado de Assis","Memorias Postumas de Bras Cubas","18","XVII / DO TRAPÉZIO E OUTRAS COISAS ...Marcela amou-me durante quinze meses e onze contos de réis; nada menos. Meu pai, logo que teve aragem dos onze contos, sobressaltou-se deveras; achou que o caso excedia as raias de um capricho juvenil.  Desta vez, disse ele, vais para a Europa; vais cursar uma Universidade, provavelmente Coimbra; quero-te para homem sério e não para arruador e gatuno. E como eu fizesse um gesto de espanto:  Gatuno, sim senhor; não é outra coisa um filho que me faz isto... Sacou da algibeira os meus títulos de dívida, já resgatados por ele, e sacudiu-mos na cara.  Vês, peralta? é assim que um moço deve zelar o nome dos seus? Pensas que eu e meus avós ganhamos o dinheiro em casas de jogo ou a vadiar pelas ruas? Pelintra! Desta vez ou tomas juízo, ou ficas sem coisa nenhuma. Estava furioso, mas de um furor temperado e curto. Eu ouvi-o calado, e nada opus à ordem da viagem, como de outras vezes fizera; ruminava a idéia de levar Marcela comigo. Fui ter com ela; expus-lhe a crise e fiz-lhe a proposta. Marcela ouviu-me com os olhos no ar, sem responder logo; como insistisse, disse-me que ficava, que não podia ir para a Europa.  Por que não?  Não posso, disse ela com ar dolente; não posso ir respirar aqueles ares, enquanto me lembrar de meu pobre pai, morto por Napoleão...  Qual deles: o hortelão ou o advogado? Marcela franziu a testa, cantarolou uma seguidilha, entre dentes; depois queixou-se do calor, e mandou vir um copo de aluá. Trouxelho a mucama, numa salva de prata, que fazia parte dos meus onze contos. Marcela ofereceu-me polidamente o refresco; minha resposta foi dar com a mão no copo e na salva; entornou-se-lhe o líquido no regaço, a preta deu um grito, eu bradei-lhe que se fosse embora. Ficando a sós, derramei todo o desespero de meu coração; disse-lhe que ela era um monstro, que jamais me tivera amor, que me deixara descer a tudo, sem ter ao menos a desculpa da sinceridade; chameilhe muitos nomes feios, fazendo muitos gestos descompostos. Marcela deixara-se estar sentada, a estalar as unhas nos dentes, fria como um pedaço de mármore. Tive ímpetos de a estrangular, de a humilhar ao menos, subjugando-a a meus pés. Ia talvez fazê-lo; mas a ação trocou-se noutra; fui eu que me atirei aos pés dela, contrito e súplice; beijei-lhos, recordei aqueles meses da nossa felicidade solitária, repeti-lhe os nomes queridos de outro tempo, sentado no chão, com a cabeça entre os joelhos dela, apertando-lhe muito as mãos; ofegante, desvairado, pedi-lhe com lágrimas que me não desamparasse... Marcela esteve alguns instantes a olhar para mim, calados ambos, até que brandamente me desviou e, com um ar enfastiado:  Não me aborreça, disse. Levantou-se, sacudiu o vestido, ainda molhado, e caminhou para a alcova.  Não! bradei eu; não hás de entrar... não quero... Ia a lançar-lhe as mãos: era tarde; ela entrara e fechara-se. Saí desatinado; gastei duas mortais horas em vaguear pelos bairros mais excêntricos e desertos, onde fosse difícil dar comigo. Ia mastigando o meu desespero, com uma espécie de gula mórbida; evocava os dias, as horas, os instantes de delírio, e ora me comprazia em crer que eles eram eternos, que tudo aquilo era um pesadelo, ora, enganando-me a mim mesmo, tentava rejeitá-los de mim, como um fardo inútil. Então resolvia embarcar imediatamente para cortar a minha vida em duas metades, e deleitava-me com a idéia de que Marcela, sabendo da partida, ficaria ralada de saudades e remorsos. Que ela amara-me a tonta, devia de sentir alguma coisa, uma lembrança qualquer, como do alferes Duarte... Nisto, o dente do ciúme enterrava-se-me no coração; toda a natureza bradava que era preciso levar Marcela comigo.  Por força... por força... dizia eu ferindo o ar com uma punhada. Enfim, tive uma idéia salvadora... Ah! trapézio dos meus pecados, trapézio das concepções abstrusas! A idéia salvadora trabalhou nele, como a do emplasto (capítulo II). Era nada menos que fasciná-la, fasciná-la muito, deslumbrá-la, arrastá-la; lembrou-me pedir-lhe por um meio mais concreto do que a súplica. Não medi as conseqüências; recorri a um derradeiro empréstimo; fui à Rua dos Ourives, comprei a melhor jóia da cidade, três diamantes grandes encastoados num pente de marfim; corri à casa de Marcela. Marcela estava reclinada numa rede, o gesto mole e cansado, uma das pernas pendentes, a ver-se-lhe o pezinho calçado de meia de seda, os cabelos soltos, derramados, o olhar quieto e sonolento.  Vem comigo, disse eu, arranjei recursos... temos muito dinheiro, terás tudo o que quiseres... Olha, toma. E mostrei-lhe o pente com os diamantes... Marcela teve um leve sobressalto, ergueu metade do corpo, e, apoiada num cotovelo, olhou para o pente durante alguns instantes curtos; depois retirou os olhos; tinha-se dominado. Então, eu lancei-lhe as mãos aos cabelos, coligios, enlacei-os à pressa, improvisei um toucado, sem nenhum alinho, e rematei-o com o pente de diamantes; recuei, tornei a aproximarme, corrigi-lhe as madeixas, abaixei-as de um lado, busquei alguma simetria naquela desordem, tudo com uma minuciosidade e um carinho de mãe.  Pronto, disse eu.  Doudo! foi a sua primeira resposta. A segunda foi puxar-me para si, e pagar-me o sacrifício com um beijo, o mais ardente de todos. Depois tirou o pente, admirou muito a matéria e o lavor, olhando a espaços para mim, e abanando a cabeça, com um ar de repreensão:  Ora você! dizia.  Vens comigo? Marcela refletiu um instante. Não gostei da expressão com que passeava os olhos de mim para a parede, e da parede para a jóia; mas toda a má impressão se desvaneceu, quando ela me respondeu resolutamente:  Vou. Quando embarcas?  Daqui a dois ou três dias.  Vou. Agradeci-lho de joelhos. Tinha achado a minha Marcela dos primeiros dias, e disse-lho; ela sorriu, e foi guardar a jóia, enquanto eu descia a escada."
"Machado de Assis","Memorias Postumas de Bras Cubas","19","XVIII / VISÃO DO CORREDOR No fim da escada, ao fundo do corredor escuro, parei alguns instantes para respirar, apalpar-me, convocar as idéias dispersas, reaver-me enfim no meio de tantas sensações profundas e contrárias. Achava-me feliz. Certo é que os diamantes corrompiamme um pouco a felicidade; mas não é menos certo que uma dama bonita pode muito bem amar os gregos e os seus presentes. E depois eu confiava na minha boa Marcela; podia ter defeitos, mas amavame...  Um anjo! murmurei olhando para o teto do corredor. E aí, como um escárnio, vi o olhar de Marcela, aquele olhar que pouco antes me dera uma sombra de desconfiança, o qual chispava de cima de um nariz, que era ao mesmo tempo o nariz de Bakbarah e o meu. Pobre namorado das Mil e Uma Noites! Vi-te ali mesmo correr atrás da mulher do vizir, ao longo da galeria, ela a acenar-te com a posse, e tu a correr, a correr, a correr, até a alameda comprida, donde saíste à rua, onde todos os correeiros te apuparam e desancaram. Então pareceu-me que o corredor de Marcela era a alameda, e que a rua era a de Bagdá. Com efeito, olhando para a porta, vi na calçada três dos correeiros, um de batina, outro de libré, outro à paisana, os quais todos três entraram no corredor, tomaramme pelos braços, meteram-me numa sege, meu pai à direita, meu tio cônego à esquerda, o da libré na boléia, e lá me levaram à casa do intendente de polícia, donde fui transportado a uma galera que devia seguir para Lisboa. Imaginem se resisti; mas toda a resistência era inútil. Três dias depois segui barra fora, abatido e mudo. Não chorava sequer; tinha uma idéia fixa... Malditas idéias fixas! A dessa ocasião era dar um mergulho no oceano, repetindo o nome de Marcela."
"Machado de Assis","Memorias Postumas de Bras Cubas","20","XIX / A BORDO Éramos onze passageiros, um homem doido, acompanhado pela mulher, dois rapazes que iam a passeio, quatro comerciantes e dois criados. Meu pai recomendou-me a todos, começando pelo capitão do navio, que aliás tinha muito que cuidar de si, porque, além do mais, levava a mulher tísica em último grau. Não sei se o capitão suspeitou alguma coisa do meu fúnebre projeto, ou se meu pai o pôs de sobreaviso; sei que não me tirava os olhos de cima; chamava-me para toda a parte. Quando não podia estar comigo, levava-me para a mulher. A mulher ia quase sempre numa camilha rasa, a tossir muito, e a afiançar que me havia de mostrar os arredores de Lisboa. Não estava magra, estava transparente; era impossível que não morresse de uma hora para outra. O capitão fingia não crer na morte próxima, talvez por enganar-se a si mesmo. Eu não sabia nem pensava nada. Que me importava a mim o destino de uma mulher tísica, no meio do oceano? O mundo para mim era Marcela. Uma noite, logo no fim de uma semana, achei ensejo propício para morrer. Subi cauteloso, mas encontrei o capitão, que junto à amurada, tinha os olhos fitos no horizonte.  Algum temporal? disse eu.  Não, respondeu ele estremecendo; não; admiro o esplendor da noite. Veja; está celestial! O estilo desmentia da pessoa, assaz rude e aparentemente alheia a locuções rebuscadas. Fitei-o; ele pareceu saborear o meu espanto. No fim de alguns segundos, pegou-me na mão e apontou para a lua, perguntando-me por que não fazia uma ode à noite; respondi-lhe que não era poeta. O capitão rosnou alguma coisa, deu dois passos, meteu a mão no bolso, sacou um pedaço de papel, muito amarrotado; depois, à luz de uma lanterna, leu uma ode horaciana sobre a liberdade da vida marítima. Eram versos dele.  Que tal? Não me lembra o que lhe disse; lembra-me que ele me apertou a mão com muita força e muitos agradecimentos; logo depois recitoume dois sonetos; ia recitar-me outro, quando o vieram chamar da parte da mulher.  Lá vou, disse ele; e recitou-me o terceiro soneto, com pausa, com amor. Fiquei só; mas a musa do capitão varrera-me do espírito os pensamentos maus; preferi dormir, que é um modo interino de morrer. No dia seguinte, acordamos debaixo de um temporal, que meteu medo a toda a gente, menos ao doido; esse entrou a dar pulos, a dizer que a filha o mandava buscar, numa berlinda; a morte de uma filha fora a causa da loucura. Não, nunca me há de esquecer a figura hedionda do pobre homem, no meio do tumulto das gentes e dos uivos do furacão, a cantarolar e a bailar, com os olhos a saltarem-lhe da cara, pálido, cabelo arrepiado e longo. Às vezes parava, erguia ao ar as mãos ossudas, fazia umas cruzes com os dedos, depois um xadrez, depois umas argolas, e ria muito, desesperadamente. A mulher não podia já cuidar dele; entregue ao terror da morte, rezava por si mesma a todos os santos do Céu. Enfim, a tempestade amainou. Confesso que foi uma diversão excelente à tempestade do meu coração. Eu, que meditava ir ter com a morte, não ousei fitá-la quando ela veio ter comigo. O capitão perguntou-me se tivera medo, se estivera em risco, se não achara sublime o espetáculo: tudo isso com um interesse de amigo. Naturalmente a conversa versou sobre a vida do mar; o capitão perguntou-me se não gostava de idílios piscatórios; eu respondi-lhe ingenuamente que não sabia o que era.  Vai ver, respondeu. E recitou-me um poemazinho, depois outro,  uma égloga,  e enfim cinco sonetos, com os quais rematou nesse dia a confidência literária. No dia seguinte, antes de me recitar nada, explicou-me o capitão que só por motivos graves abraçara a profissão marítima, porque a avó queria que ele fosse padre, e com efeito possuía algumas letras latinas; não chegou a ser padre, mas não deixou de ser poeta, que era a sua vocação natural. Para prová-lo, recitou-me logo, de corpo presente, uma centena de versos. Notei um fenômeno: os ademanes que ele usava eram tais, que uma vez me fizeram rir; mas o capitão, quando recitava, de tal sorte olhava para dentro de si mesmo, que não viu nem ouviu nada. Os dias passavam, e as águas, e os versos, e com eles ia também passando a vida da mulher. Estava por pouco. Um dia, logo depois do almoço, disse-me o capitão que a enferma talvez não chegasse ao fim da semana.  Já! exclamei.  Passou muito mal a noite. Fui vê-la; achei-a, na verdade, quase moribunda, mas falando ainda de descansar em Lisboa alguns dias, antes de ir comigo a Coimbra, porque era seu propósito levar-me à Universidade. Deixei-a consternado; fui achar o marido a olhar para as vagas, que vinham morrer no costado do navio, e tratei de o consolar; ele agradeceume, relatou-me a história dos seus amores, elogiou a fidelidade e a dedicação da mulher, relembrou os versos que lhe fez, e recitou-mos. Neste ponto vieram buscá-lo da parte dela; corremos ambos; era uma crise. Esse e o dia seguinte foram cruéis; o terceiro foi o da morte; eu fugi ao espetáculo, tinha-lhe repugnância. Meia hora depois encontrei o capitão, sentado num molho de cabos, com a cabeça nas mãos, disse-lhe alguma coisa de conforto.  Morreu como uma santa, respondeu ele; e, para que estas palavras não pudessem ser levadas à conta de fraqueza, ergueu-se logo, sacudiu a cabeça, e fitou o horizonte, com um gesto longo e profundo.  Vamos, continuou, entreguemo-la à cova que nunca mais se abre. Efetivamente, poucas horas depois, era o cadáver lançado ao mar, com as cerimônias do costume. A tristeza murchara todos os rostos; o do viúvo trazia a expressão de um cabeço rijamente lascado pelo raio. Grande silêncio. A vaga abriu o ventre, acolheu o despojo, fechou-se,  uma leve ruga,  e a galera foi andando. Eu deixei-me estar alguns minutos à popa, com os olhos naquele ponto incerto do mar em que ficava um de nós... Fui dali ter com o capitão, para distraí-lo.  Obrigado, disse-me ele compreendendo a intenção; creia que nunca me esquecerei dos seus bons serviços. Deus é que lhos há de pagar. Pobre Leocádia! tu te lembrarás de nós no Céu. Enxugou com a manga uma lágrima importuna; eu busquei um derivativo na poesia, que era a paixão dele. Falei-lhe dos versos, que me lera, e ofereci-me para imprimi-los. Os olhos do capitão animaram-se um pouco.  Talvez aceite, disse ele; mas não sei... são bem frouxos versos. Jurei-lhe que não; pedi que os reunisse e mos desse antes do desembarque.  Pobre Leocádia! murmurou sem responder ao pedido. Um cadáver... o mar... o céu... o navio... No dia seguinte veio ler-me um epicédio composto de fresco, em que estavam memoradas as circunstâncias da morte e da sepultura da mulher; leu-mo com a voz comovida deveras, e a mão trêmula; no fim perguntou-me se os versos eram dignos do tesouro que perdera.  São, disse eu.  Não haverá estro, ponderou ele, no fim de um instante, mas ninguém me negará sentimento, se não é que o próprio sentimento prejudicou a perfeição...  Não me parece; acho os versos perfeitos.  Sim, eu creio que... Versos de marujo.  De marujo poeta. Ele levantou os ombros, olhou para o papel, e tornou a recitar a composição, mas já então sem tremuras, acentuando as intenções literárias, dando relevo às imagens e melodia aos versos. No fim, confessou-me que era a sua obra mais acabada; eu disse-lhe que sim; ele apertou-me muito a mão e predisse-me um grande futuro."
"Machado de Assis","Memorias Postumas de Bras Cubas","21","XX / BACHARELO-ME Um grande futuro! Enquanto esta palavra me batia no ouvido, devolvia eu os olhos, ao longe, no horizonte misterioso e vago. Uma idéia expelia outra, a ambição desmontava Marcela. Grande futuro? Talvez naturalista, literato, arqueólogo, banqueiro, político, ou até bispo,  bispo que fosse,  uma vez que fosse um cargo, uma preeminência, uma grande reputação, uma posição superior. A ambição, dado que fosse águia, quebrou nessa ocasião o ovo, e desvendou a pupila fulva e penetrante. Adeus, amores! adeus, Marcela! dias de delírio, jóias sem preço, vida sem regímen, adeus! Cá me vou às fadigas e à glória; deixo-vos com as calcinhas da primeira idade. E foi assim que desembarquei em Lisboa e segui para Coimbra. A Universidade esperava-me com as suas matérias árduas; estudei-as muito mediocremente, e nem por isso perdi o grau de bacharel; deram-mo com a solenidade do estilo, após os anos da lei; uma bela festa que me encheu de orgulho e de saudades,  principalmente de saudades. Tinha eu conquistado em Coimbra uma grande nomeada de folião; era um acadêmico estróina, superficial, tumultuário e petulante, dado às aventuras, fazendo romantismo prático e liberalismo teórico, vivendo na pura fé dos olhos pretos e das constituições escritas. No dia em que a Universidade me atestou, em pergaminho, uma ciência que eu estava longe de trazer arraigada no cérebro, confesso que me achei de algum modo logrado, ainda que orgulhoso. Explico-me: o diploma era uma carta de alforria; se me dava a liberdade, dava-me a responsabilidade. Guardei-o, deixei as margens do Mondego, e vim por ali fora assaz desconsolado, mas sentindo já uns ímpetos, uma curiosidade, um desejo de acotovelar os outros, de influir, de gozar, de viver,  de prolongar a Universidade pela vida adiante..."
"Machado de Assis","Memorias Postumas de Bras Cubas","22","XXI / O ALMOCREVE Vai então, empacou o jumento em que eu vinha montado; fustigueio, ele deu dois corcovos, depois mais três, enfim mais um, que me sacudiu fora da sela, com tal desastre, que o pé esquerdo me ficou preso no estribo; tento agarrar-me ao ventre do animal, mas já então, espantado, disparou pela estrada fora. Digo mal: tentou disparar, e efetivamente deu dois saltos, mas um almocreve, que ali estava, acudiu a tempo de lhe pegar na rédea e detê-lo, não sem esforço nem perigo. Dominado o bruto, desvencilhei-me do estribo e pus-me de pé.  Olhe do que vosmecê escapou, disse o almocreve. E era verdade; se o jumento corre por ali fora, contundia-me deveras, e não sei se a morte não estaria no fim do desastre; cabeça partida, uma congestão, qualquer transtorno cá dentro, lá se me ia a ciência em flor. O almocreve salvara-me talvez a vida; era positivo; eu sentia-no no sangue que me agitava o coração. Bom almocreve! enquanto eu tornava à consciência de mim mesmo, ele cuidava de consertar os arreios do jumento, com muito zelo e arte. Resolvi darlhe três moedas de ouro das cinco que trazia comigo; não porque tal fosse o preço da minha vida,  essa era inestimável; mas porque era uma recompensa digna da dedicação com que ele me salvou. Está dito, dou-lhe as três moedas.  Pronto, disse ele, apresentando-me a rédea da cavalgadura.  Daqui a nada, respondi; deixa-me, que ainda não estou em mim...  Ora qual!  Pois não é certo que ia morrendo?  Se o jumento corre por aí fora, é possível; mas, com a ajuda do Senhor, viu vosmecê que não aconteceu nada. Fui aos alforjes, tirei um colete velho, em cujo bolso trazia as cinco moedas de ouro, e durante esse tempo cogitei se não era excessiva a gratificação, se não bastavam duas moedas. Talvez uma. Com efeito, uma moeda era bastante para lhe dar estremeções de alegria. Examinei-lhe a roupa; era um pobre-diabo, que nunca jamais vira uma moeda de ouro. Portanto, uma moeda. Tirei-a, vi-a reluzir à luz do sol; não a viu o almocreve, porque eu tinha-lhe voltado as costas; mas suspeitou-o talvez, entrou a falar ao jumento de um modo significativo; dava-lhe conselhos, dizia-lhe que tomasse juízo, que o senhor doutor podia castigá-lo; um monólogo paternal. Valha-me Deus! até ouvi estalar um beijo: era o almocreve que lhe beijava a testa.  Olé! exclamei.  Queira vosmecê perdoar, mas o diabo do bicho está a olhar para a gente com tanta graça... Ri-me, hesitei, meti-lhe na mão um cruzado em prata, cavalguei o jumento, e segui a trote largo, um pouco vexado, melhor direi um pouco incerto do efeito da pratinha. Mas a algumas braças de distância, olhei para trás, o almocreve fazia-me grandes cortesias, com evidentes mostras de contentamento. Adverti que devia ser assim mesmo; eu pagara-lhe bem, pagara-lhe talvez demais. Meti os dedos no bolso do colete que trazia no corpo e senti umas moedas de cobre; eram os vinténs que eu devera ter dado ao almocreve, em lugar do cruzado em prata. Porque, enfim, ele não levou em mira nenhuma recompensa ou virtude, cedeu a um impulso natural, ao temperamento, aos hábitos do ofício; acresce que a circunstância de estar, não mais adiante nem mais atrás, mas justamente no ponto do desastre, parecia constituí-lo simples instrumento da Providência; e de um ou de outro modo, o mérito do ato era positivamente nenhum. Fiquei desconsolado com esta reflexão, chamei-me pródigo, lancei o cruzado à conta das minhas dissipações antigas; tive (por que não direi tudo?) tive remorsos."
"Machado de Assis","Memorias Postumas de Bras Cubas","23","XXII / VOLTA AO RIO Jumento de uma figa, cortaste-me o fio às reflexões. Já agora não digo o que pensei dali até Lisboa, nem o que fiz em Lisboa, na península e em outros lugares da Europa, da velha Europa, que nesse tempo parecia remoçar. Não, não direi que assisti às alvoradas do romantismo, que também eu fui fazer poesia efetiva no regaço da Itália; não direi coisa nenhuma. Teria de escrever um diário de viagem e não umas memórias, como estas são, nas quais só entra a substância da vida. Ao cabo de alguns anos de peregrinação, atendi às súplicas de meu pai:  Vem, dizia ele na última carta; se não vieres depressa, acharás tua mãe morta! Esta última palavra foi para mim um golpe. Eu amava minha mãe; tinha ainda diante dos olhos as circunstâncias da última bênção que ela me dera, a bordo do navio. Meu triste filho, nunca mais te verei, soluçava a pobre senhora apertando-me ao peito. E essas palavras ressoavam-me agora, como uma profecia realizada. Note-se que eu estava em Veneza, ainda recendente aos versos de lord Byron; lá estava, mergulhado em pleno sonho, revivendo o pretérito, crendo-me na Sereníssima República. É verdade; uma vez aconteceu-me perguntar ao locandeiro se o doge ia a passeio nesse dia.  Que doge, signor mio? Caí em mim, mas não confessei a ilusão; disse-lhe que a minha pergunta era um gênero de charada americana; ele mostrou compreender, e acrescentou que gostava muito das charadas americanas. Era um locandeiro. Pois deixei tudo isso, o locandeiro, o doge, a Ponte dos Suspiros, a gôndola, os versos do lorde, as damas do Rialto, deixei tudo e disparei como uma bala na direção do Rio de Janeiro. Vim... Mas não; não alonguemos este capítulo. Às vezes, esqueço-me a escrever, e a pena vai comendo papel, com grave prejuízo meu, que sou autor. Capítulos compridos quadram melhor a leitores pesadões; e nós não somos um público in-folio, mas in-12, pouco texto, larga margem, tipo elegante, corte dourado e vinhetas... Não, não alonguemos o capítulo."
"Machado de Assis","Memorias Postumas de Bras Cubas","24","XXIII / TRISTE, MAS CURTO Vim. Não nego que, ao avistar a cidade natal, tive uma sensação nova. Não era efeito da minha pátria política; era-o do lugar da infância, a rua, a torre, o chafariz da esquina, a mulher de mantilha, o preto do ganho, as coisas e cenas da meninice, buriladas na memória. Nada menos que uma renascença. O espírito, como um pássaro, não se lhe deu da corrente dos anos, arrepiou o vôo na direção da fonte original, e foi beber da água fresca e pura, ainda não mesclada do enxurro da vida. Reparando bem, há aí um lugar-comum. Outro lugar-comum, tristemente comum, foi a consternação da família. Meu pai abraçoume com lágrimas.  Tua mãe não pode viver, disse-me. Com efeito, não era já o reumatismo que a matava, era um cancro no estômago. A infeliz padecia de um modo cru, porque o cancro é indiferente às virtudes do sujeito; quando rói, rói; roer é o seu ofício. Minha irmã Sabina, já então casada com o Cotrim, andava a cair de fadiga. Pobre moça! dormia três horas por noite, nada mais. O próprio tio João estava abatido e triste. D. Eusébia e algumas outras senhoras lá estavam também, não menos tristes e não menos dedicadas.  Meu filho! A dor suspendeu por um pouco as tenazes; um sorriso alumiou o rosto da enferma, sobre o qual a morte batia a asa eterna. Era menos um rosto do que uma caveira: a beleza passara, como um dia brilhante; restavam os ossos, que não emagrecem nunca. Mal poderia conhecê-la; havia oito ou nove anos que nos não víamos. Ajoelhado, ao pé da cama, com as mãos dela entre as minhas, fiquei mudo e quieto, sem ousar falar, porque cada palavra seria um soluço, e nós temíamos avisá-la do fim. Vão temor! Ela sabia que estava prestes a acabar; disse-mo; verificamo-lo na seguinte manhã. Longa foi a agonia, longa e cruel, de uma crueldade minuciosa, fria, repisada, que me encheu de dor e estupefação. Era a primeira vez que eu via morrer alguém. Conhecia a morte de outiva; quando muito, tinha-a visto já petrificada no rosto de algum cadáver, que acompanhei ao cemitério, ou trazia-lhe a idéia embrulhada nas amplificações de retórica dos professores de coisas antigas,  a morte aleivosa de César, a austera de Sócrates, a orgulhosa de Catão. Mas esse duelo do ser e do não ser, a morte em ação, dolorida, contraída, convulsa, sem aparelho político ou filosófico, a morte de uma pessoa amada, essa foi a primeira vez que a pude encarar. Não chorei; lembra-me que não chorei durante o espetáculo: tinha os olhos estúpidos, a garganta presa, a consciência boquiaberta. Quê? uma criatura tão dócil, tão meiga, tão santa, que nunca jamais fizera verter uma lágrima de desgosto, mãe carinhosa, esposa imaculada, era força que morresse assim, trateada, mordida pelo dente tenaz de uma doença sem misericórdia? Confesso que tudo aquilo me pareceu obscuro, incongruente, insano... Triste capítulo; passemos a outro mais alegre."
"Machado de Assis","Memorias Postumas de Bras Cubas","25","XXIV / CURTO, MAS ALEGRE Fiquei prostrado. E contudo era eu, nesse tempo, um fiel compêndio de trivialidade e presunção. Jamais o problema da vida e da morte me oprimira o cérebro; nunca até esse dia me debruçara sobre o abismo do Inexplicável; faltava-me o essencial, que é o estímulo, a vertigem... Para lhes dizer a verdade toda, eu refletia as opiniões de um cabeleireiro, que achei em Módena, e que se distinguia por não as ter absolutamente. Era a flor dos cabeleireiros; por mais demorada que fosse a operação do toucado, não enfadava nunca; ele intercalava as penteadelas com muitos motes e pulhas, cheios de um pico, de um sabor... Não tinha outra filosofia. Nem eu. Não digo que a Universidade me não tivesse ensinado alguma; mas eu decorei-lhe só as fórmulas, o vocabulário, o esqueleto. Tratei-a como tratei o latim; embolsei três versos de Virgílio, dois de Horácio, uma dúzia de locuções morais e políticas, para as despesas da conversação. Trateios como tratei a história e a jurisprudência. Colhi de todas as coisas a fraseologia, a casca, a ornamentação... Talvez espante ao leitor a franqueza com que lhe exponho e realço a minha mediocridade; advirta que a franqueza é a primeira virtude de um defunto. Na vida, o olhar da opinião, o contraste dos interesses, a luta das cobiças obrigam a gente a calar os trapos velhos, a disfarçar os rasgões e os remendos, a não estender ao mundo as revelações que faz à consciência; e o melhor da obrigação é quando, à força de embaçar os outros, embaça-se um homem a si mesmo, porque em tal caso poupa-se o vexame, que é uma sensação penosa, e a hipocrisia, que é um vício hediondo. Mas, na morte, que diferença! que desabafo! que liberdade! Como a gente pode sacudir fora a capa, deitar ao fosso as lantejoulas, despregar-se, despintar-se, desafeitarse, confessar lisamente o que foi e o que deixou de ser! Porque, em suma, já não há vizinhos, nem amigos, nem inimigos, nem conhecidos, nem estranhos; não há platéia. O olhar da opinião, esse olhar agudo e judicial, perde a virtude, logo que pisamos o território da morte; não digo que ele se não estenda para cá, e nos não examine e julgue; mas a nós é que não se nos dá do exame nem do julgamento. Senhores vivos, não há nada tão incomensurável como o desdém dos finados."
"Machado de Assis","Quincas Borba","1","Quincas Borba Texto-fonte: Obra Completa, Machado de Assis, Rio de Janeiro: Editora Nova Aguilar, 1994. Publicado originalmente em folhetins, de 1886 a 1891, em A Estação. Publicado em volume pela Garnier, Rio de Janeiro, no mesmo ano de 1891, com substanciais diferenças com relação aos folhetins. O que aqui vai é justamente a edição em livro. PRÓLOGO DA 3ª EDIÇÃO A segunda edição deste livro acabou mais depressa que a primeira. Aqui sai ele em terceira, sem outra alteração além da emenda de alguns erros tipográficos, tais e tão poucos que, ainda conservados, não encobririam o sentido. Um amigo e confrade ilustre tem teimado comigo para que dê a este livro o seguimento de outro. Com as Memórias Póstumas de Brás Cubas, donde este proveio, fará você uma trilogia, e a Sofia de Quincas Borba ocupará exclusivamente a terceira parte. Algum tempo cuidei que podia ser, mas relendo agora estas páginas concluo que não. A Sofia está aqui toda. Continuá-la seria repeti-la, e acaso repetir o mesmo seria pecado. Creio que foi assim que me tacharam este e alguns outros dos livros que vim compondo pelo tempo fora no silêncio da minha vida. Vozes houve, generosas e fortes, que então me defenderam; já lhes agradeci em particular; agora o faço cordial e publicamente. 1889. M. de A."
"Machado de Assis","Quincas Borba","2","PRIMEIRO Rubião fitava a enseada,  eram oito horas da manhã. Quem o visse, com os polegares metidos no cordão do chambre, à janela de uma grande casa de Botafogo, cuidaria que ele admirava aquele pedaço de água quieta; mas, em verdade, vos digo que pensava em outra coisa. Cotejava o passado com o presente. Que era, há um ano? Professor. Que é agora? Capitalista. Olha para si, para as chinelas (umas chinelas de Túnis, que lhe deu recente amigo, Cristiano Palha), para a casa, para o jardim, para a enseada, para os morros e para o céu; e tudo, desde as chinelas até o céu, tudo entra na mesma sensação de propriedade.  Vejam como Deus escreve direito por linhas tortas, pensa ele. Se mana Piedade tem casado com Quincas Borba, apenas me daria uma esperança colateral. Não casou; ambos morreram, e aqui está tudo comigo; de modo que o que parecia uma desgraça..."
"Machado de Assis","Quincas Borba","3","II Que abismo que há entre o espírito e o coração! O espírito do ex-professor, vexado daquele pensamento, arrepiou caminho, buscou outro assunto, uma canoa que ia passando; o coração, porém, deixou-se estar a bater de alegria. Que lhe importa a canoa nem o canoeiro, que os olhos de Rubião acompanham, arregalados? Ele, coração, vai dizendo que, uma vez que a mana Piedade tinha de morrer, foi bom que não casasse; podia vir um filho ou uma filha...  Bonita canoa!  Antes assim!  Como obedece bem aos remos do homem!  O certo é que eles estão no Céu!"
"Machado de Assis","Quincas Borba","4","III Um criado trouxe o café. Rubião pegou na xícara e, enquanto lhe deitava açúcar, ia disfarçadamente mirando a bandeja, que era de prata lavrada. Prata, ouro, eram os metais que amava de coração; não gostava de bronze, mas o amigo Palha disse-lhe que era matéria de preço, e assim se explica este par de figuras que aqui está na sala, um Mefistófeles e um Fausto. Tivesse, porém, de escolher, escolheria a bandeja,  primor de argentaria, execução fina e acabada. O criado esperava teso e sério. Era espanhol; e não foi sem resistência que Rubião o aceitou das mãos de Cristiano; por mais que lhe dissesse que estava acostumado aos seus crioulos de Minas, e não queria línguas estrangeiras em casa, o amigo Palha insistiu, demonstrando-lhe a necessidade de ter criados brancos. Rubião cedeu com pena. O seu bom pajem, que ele queria pôr na sala, como um pedaço da província, nem o pôde deixar na cozinha, onde reinava um francês, Jean; foi degradado a outros serviços.  Quincas Borba está muito impaciente? perguntou Rubião bebendo o último gole de café, e lançando um último olhar à bandeja.  Me parece que sí.  Lá vou soltá-lo. Não foi; deixou-se ficar, algum tempo, a olhar para os móveis. Vendo as pequenas gravuras inglesas, que pendiam da parede por cima dos dois bronzes, Rubião pensou na bela Sofia, mulher do Palha, deu alguns passos, e foi sentar-se no pouf, ao centro da sala, olhando para longe...  Foi ela que me recomendou aqueles dois quadrinhos, quando andávamos, os três, a ver coisas para comprar. Estava tão bonita! Mas o que eu mais gosto dela são os ombros, que vi no baile do coronel. Que ombros! Parecem de cera; tão lisos, tão brancos! Os braços também; oh! os braços! Que bem feitos! Rubião suspirou, cruzou as pernas, e bateu com as borlas do chambre sobre os joelhos. Sentia que não era inteiramente feliz; mas sentia também que não estava longe a felicidade completa. Recompunha de cabeça uns modos, uns olhos, uns requebros sem explicação, a não ser esta, que ela o amava, e que o amava muito. Não era velho; ia fazer quarenta e um anos; e, rigorosamente, parecia menos. Esta observação foi acompanhada de um gesto; passou a mão pelo queixo, barbeado todos os dias, coisa que não fazia dantes, por economia e desnecessidade. Um simples professor! Usava suíças, (mais tarde deixou crescer a barba toda),  tão macias, que dava gosto passar os dedos por elas... E recordava assim o primeiro encontro, na estação de Vassouras, onde Sofia e o marido entraram no trem da estrada de ferro, no mesmo carro em que ele descia de Minas; foi ali que achou aquele par de olhos viçosos, que pareciam repetir a exortação do profeta: Todos vós que tendes sede, vinde às águas. Não trazia idéias adequadas ao convite, é verdade; vinha com a herança na cabeça, o testamento, o inventário, coisas que é preciso explicar primeiro, a fim de entender o presente e o futuro. Deixemos Rubião na sala de Botafogo, batendo com as borlas do chambre nos joelhos, e cuidando na bela Sofia. Vem comigo, leitor; vamos vê-lo, meses antes, à cabeceira do Quincas Borba."
"Machado de Assis","Quincas Borba","5","IV Este Quincas Borba, se acaso me fizeste o favor de ler as Memórias Póstumas de Brás Cubas, é aquele mesmo náufrago da existência, que ali aparece, mendigo, herdeiro inopinado, e inventor de uma filosofia. Aqui o tens agora em Barbacena. Logo que chegou, enamorou-se de uma viúva, senhora de condição mediana e parcos meios de vida; mas, tão acanhada, que os suspiros no namorado ficavam sem eco. Chamava-se Maria da Piedade. Um irmão dela, que é o presente Rubião, fez todo o possível para casá-los. Piedade resistiu, um pleuris a levou. Foi esse trechozinho de romance que ligou os dois homens. Saberia Rubião que o nosso Quincas Borba trazia aquele grãozinho de sandice, que um médico supôs achar-lhe? Seguramente, não; tinha-o por homem esquisito. É, todavia, certo que o grãozinho não se despegou do cérebro de Quincas Borba,  nem antes, nem depois da moléstia que lentamente o comeu. Quincas Borba tivera ali alguns parentes, mortos já agora em 1867; o último foi o tio que o deixou por herdeiro de seus bens. Rubião ficou sendo o único amigo do filósofo. Regia então uma escola de meninos, que fechou para tratar do enfermo. Antes de professor, metera ombros a algumas empresas, que foram a pique. Durou o cargo de enfermeiro mais de cinco meses, perto de seis. Era real o desvelo de Rubião, paciente, risonho, múltiplo, ouvindo as ordens do médico, dando os remédios às horas marcadas, saindo a passeio com o doente, sem esquecer nada, nem o serviço da casa, nem a leitura dos jornais, logo que chegava a mala da Corte ou a de Ouro Preto.  Tu és bom, Rubião, suspirava Quincas Borba.  Grande façanha! Como se você fosse mau! A opinião ostensiva do médico era que a doença do Quincas Borba iria saindo devagar. Um dia, o nosso Rubião, acompanhando o médico até à porta da rua, perguntou-lhe qual era o verdadeiro estado do amigo. Ouviu que estava perdido, completamente perdido; mas, que o fosse animando. Para que tornar-lhe a morte mais aflitiva pela certeza?...  Lá isso, não, atalhou Rubião; para ele, morrer é negócio fácil. Nunca leu um livro que ele escreveu, há anos, não sei que negócio de filosofia...  Não; mas filosofia é uma coisa, e morrer de verdade é outra; adeus."
"Machado de Assis","Quincas Borba","6","V Rubião achou um rival no coração de Quincas Borba,  um cão, um bonito cão, meio tamanho, pêlo cor de chumbo, malhado de preto. Quincas Borba levava-o para toda parte, dormiam no mesmo quarto. De manhã, era o cão que acordava o senhor, trepando ao leito, onde trocavam as primeiras saudações. Uma das extravagâncias do dono foi dar-lhe o seu próprio nome; mas, explicava-o por dois motivos, um doutrinário, outro particular.  Desde que Humanitas, segundo a minha doutrina, é o princípio da vida e reside em toda a parte, existe também no cão, e este pode assim receber um nome de gente, seja cristão ou muçulmano...  Bem, mas por que não lhe deu antes o nome de Bernardo? disse Rubião com o pensamento em um rival político da localidade.  Esse agora é o motivo particular. Se eu morrer antes, como presumo, sobreviverei no nome do meu bom cachorro. Ris-te, não? Rubião fez um gesto negativo.  Pois devias rir, meu querido. Porque a imortalidade é o meu lote ou o meu dote, ou como melhor nome haja. Viverei perpetuamente no meu grande livro. Os que, porém, não souberem ler, chamarão Quincas Borba ao cachorro, e... O cão, ouvindo o nome, correu à cama. Quincas Borba, comovido, olhou para Quincas Borba:  Meu pobre amigo! meu bom amigo! meu único amigo!  Único?  Desculpa-me, tu também o és, bem sei, e agradeço-te muito; mas a um doente perdoa-se tudo. Talvez esteja começando o meu delírio. Deixa ver o espelho. Rubião deu-lhe o espelho. O doente contemplou por alguns segundos a cara magra, o olhar febril, com que descobria os subúrbios da morte, para onde caminhava a passo lento, mas seguro. Depois, com um sorriso pálido e irônico:  Tudo o que está cá fora corresponde ao que sinto cá dentro; vou morrer, meu caro Rubião... Não gesticules, vou morrer. E que é morrer, para ficares assim espantado?  Sei, sei que você tem umas filosofias... Mas falemos do jantar; que há de ser hoje? Quincas Borba sentou-se na cama, deixando pender as pernas, cuja extraordinária magreza se adivinhava por fora das calças.  Que é? Que quer? acudiu Rubião.  Nada, respondeu o enfermo sorrindo. Umas filosofias! Com que desdém me dizes isso! Repete, anda, quero ouvir outra vez. Umas filosofias!  Mas não é por desdém... Pois eu tenho capacidade para desdenhar de filosofias? Digo só que você pode crer que a morte não vale nada, porque terá razões, princípios... Quincas Borba procurou com os pés as chinelas; Rubião chegou-lhas; ele calçouas e pôs-se a andar para esticar as pernas. Afagou o cão e acendeu um cigarro. Rubião quis que se agasalhasse, e trouxe-lhe um fraque, um colete, um chambre, um capote, à escolha. Quincas Borba recusou-os com um gesto. Tinha outro ar agora; os olhos metidos para dentro viam pensar o cérebro. Depois de muitos passos, parou, por alguns segundos, diante de Rubião."
"Machado de Assis","Quincas Borba","7","VI  Para entenderes bem o que é a morte e a vida, basta contar-te como morreu minha avó.  Como foi?  Senta-te. Rubião obedeceu, dando ao rosto o maior interesse possível, enquanto Quincas Borba continuava a andar.  Foi no Rio de Janeiro, começou ele, defronte da Capela Imperial, que era então Real, em dia de grande festa; minha avó saiu, atravessou o adro, para ir ter à cadeirinha, que a esperava no Largo do Paço. Gente como formiga. O povo queria ver entrar as grandes senhoras nas suas ricas traquitanas. No momento em minha avó saía do adro para ir à cadeirinha, um pouco distante, aconteceu espantar-se uma das bestas de uma sege; a besta disparou, a outra imitou-a, confusão, tumulto, minha avó caiu, e tanto as mulas como a sege passaram-lhe por cima. Foi levada em braços para uma botica da Rua Direita, veio um sangrador, mas era tarde; tinha a cabeça rachada, uma perna e o ombro partidos, era toda sangue; expirou minutos depois.  Foi realmente uma desgraça, disse Rubião.  Não.  Não?  Ouve o resto. Aqui está como se tinha passado o caso. O dono da sege estava no adro, e tinha fome, muita fome, porque era tarde, e almoçara cedo e pouco. Dali pôde fazer sinal ao cocheiro; este fustigou as mulas para ir buscar o patrão. A sege no meio do caminho achou um obstáculo e derribou-o; esse obstáculo era minha avó. O primeiro ato dessa série de atos foi um movimento de conservação: Humanitas tinha fome. Se, em vez de minha avó, fosse um rato ou um cão, é certo que minha avó não morreria, mas o fato era o mesmo; Humanitas precisa comer. Se em vez de um rato ou de um cão, fosse um poeta, Byron ou Gonçalves Dias, diferia o caso no sentido de dar matéria a muitos necrológios; mas o fundo subsistia. O universo ainda não parou por lhe faltarem alguns poemas mortos em flor na cabeça de um varão ilustre ou obscuro; mas Humanitas (e isto importa, antes de tudo), Humanitas precisa comer. Rubião escutava, com a alma nos olhos, sinceramente desejoso de entender; mas não dava pela necessidade a que o amigo atribuía a morte da avó. Seguramente o dono da sege, por muito tarde que chegasse à casa, não morria de fome, ao passo que a boa senhora morreu de verdade, e para sempre. Explicou-lhe, como pôde, essas dúvidas, e acabou perguntando-lhe:  E que Humanitas é esse?  Humanitas é o princípio. Mas não, não digo nada, tu não és capaz de entender isto, meu caro Rubião; falemos de outra coisa.  Diga sempre. Quincas Borba, que não deixara de andar, parou alguns instantes.  Queres ser meu discípulo?  Quero.  Bem, irás entendendo aos poucos a minha filosofia; no dia em que a houveres penetrado inteiramente, ah! nesse dia terás o maior prazer da vida, porque não há vinho que embriague como a verdade. Crê-me, o Humanitismo é o remate das coisas; e eu, que o formulei, sou o maior homem do mundo. Olha, vês como o meu bom Quincas Borba está olhando para mim? Não é ele, é Humanitas...  Mas que Humanitas é esse?  Humanitas é o princípio. Há nas coisas todas certa substância recôndita e idêntica, um princípio único, universal, eterno, comum, indivisível e indestrutível,  ou, para usar a linguagem do grande Camões: Uma verdade que nas coisas anda, Que mora no visíbil e invisíbil. Pois essa substância ou verdade, esse princípio indestrutível é que é Humanitas. Assim lhe chamo, porque resume o universo, e o universo é o homem. Vais entendendo?  Pouco; mas, ainda assim, como é que a morte de sua avó...  Não há morte. O encontro de duas expansões, ou a expansão de duas formas, pode determinar a supressão de uma delas; mas, rigorosamente, não há morte, há vida, porque a supressão de uma é a condição da sobrevivência da outra, e a destruição não atinge o princípio universal e comum. Daí o caráter conservador e benéfico da guerra. Supõe tu um campo de batatas e duas tribos famintas. As batatas apenas chegam para alimentar uma das tribos, que assim adquire forças para transpor a montanha e ir à outra vertente, onde há batatas em abundância; mas, se as duas tribos dividirem em paz as batatas do campo, não chegam a nutrir-se suficientemente e morrem de inanição. A paz nesse caso, é a destruição; a guerra é a conservação. Uma das tribos extermina a outra e recolhe os despojos. Daí a alegria da vitória, os hinos, aclamações, recompensas públicas e todos os demais efeitos das ações bélicas. Se a guerra não fosse isso, tais demonstrações não chegariam a dar-se, pelo motivo real de que o homem só comemora e ama o que lhe é aprazível ou vantajoso, e pelo motivo racional de que nenhuma pessoa canoniza uma ação que virtualmente a destrói. Ao vencido, ódio ou compaixão; ao vencedor, as batatas.  Mas a opinião do exterminado?  Não há exterminado. Desaparece o fenômeno; a substância é a mesma. Nunca viste ferver água? Hás de lembrar-te que as bolhas fazem-se e desfazem-se de contínuo, e tudo fica na mesma água. Os indivíduos são essas bolhas transitórias.  Bem; a opinião da bolha...  Bolha não tem opinião. Aparentemente, há nada mais contristador que uma dessas terríveis pestes que devastam um ponto do globo? E, todavia, esse suposto mal é um benefício, não só porque elimina os organismos fracos, incapazes de resistência, como porque dá lugar à observação, à descoberta da droga curativa. A higiene é filha de podridões seculares; devemo-la a milhões de corrompidos e infectos. Nada se perde, tudo é ganho. Repito, as bolhas ficam na água. Vês este livro? É Dom Quixote. Se eu destruir o meu exemplar, não elimino a obra que continua eterna nos exemplares subsistentes e nas edições posteriores. Eterna e bela, belamente eterna, como este mundo divino e supradivino."
"Machado de Assis","Quincas Borba","8","VII Quincas Borba calou-se de exausto, e sentou-se ofegante. Rubião acudiu, levandolhe água e pedindo que se deitasse para descansar; mas o enfermo, após alguns minutos, respondeu que não era nada. Perdera o costume de fazer discursos, é o que era. E, afastando com o gesto a pessoa de Rubião, a fim de poder encará-la sem esforço, empreendeu uma brilhante descrição do mundo e suas excelências. Misturou idéias próprias e alheias, imagens de toda sorte, idílicas, épicas, a tal ponto que Rubião perguntava a si mesmo como é que um homem, que ia morrer dali a dias, podia tratar tão galantemente aqueles negócios.  Ande repousar um pouco. Quincas Borba refletiu.  Não, vou dar um passeio.  Agora não; você está muito cansado.  Qual! Passou. Ergueu-se e pôs paternalmente as mãos sobre os ombros de Rubião.  Você é meu amigo?  Que pergunta!  Diga.  Tanto ou mais do que este animal, respondeu Rubião, em um arroubo de ternura. Quincas Borba apertou-lhe as mãos.  Bem."
"Machado de Assis","Quincas Borba","9","VIII No dia seguinte, Quincas Borba acordou com a resolução de ir ao Rio de Janeiro, voltaria no fim de um mês, tinha certos negócios... Rubião ficou espantado. E a moléstia, e o médico? O doente respondeu que o médico era um charlatão, e que a moléstia precisava espairecer, tal qual a saúde. Moléstia e saúde eram dois caroços do mesmo fruto, dois estados de Humanitas.  Vou a alguns negócios pessoais, concluiu o enfermo, e levo, além disso, um plano tão sublime, que nem mesmo você poderá entendê-lo. Desculpe-me esta franqueza; mas eu prefiro ser franco com você a sê-lo com qualquer outra pessoa. Rubião fiou do tempo que este projeto lhe passasse, como tantos outros; mas enganou-se. Acrescia que, em verdade, o doente parecia estar melhorando; não ia à cama, saía à rua, escrevia. No fim de uma semana, mandou chamar o tabelião.  Tabelião? repetiu o amigo.  Sim, quero registrar o meu testamento. Ou vamos lá os dois... Foram os três, porque o cão não deixava partir o amo e senhor sem acompanhálo. Quincas Borba registrou o testamento, com as formalidades do estilo, e tornou tranqüilo para casa. Rubião sentia bater-lhe o coração violentamente.  Está claro que eu não o deixo ir só para a Corte, disse ele ao amigo.  Não, não é preciso. Demais, Quincas Borba não vai, e não o confio a outra pessoa, senão a você. Deixo a casa como está. Daqui a um mês estou de volta. Vou amanhã; não quero que ele pressinta a minha saída. Cuide dele, Rubião.  Cuido, sim.  Jura?  Por esta luz que me alumia. Então sou alguma criança?  Dê-lhe leite às horas apropriadas, as comidas todas do costume, e os banhos; e quando sair a passeio com ele, olhe que não vá fugir. Não, o melhor é que não saia... não saia...  Vá sossegado. Quincas Borba chorava pelo outro Quincas Borba. Não quis vê-lo à saída. Chorava deveras; lágrimas de loucura ou de afeição, quaisquer que fossem, ele as ia deixando pela boa terra mineira, como o derradeiro suor de uma alma obscura, prestes a cair no abismo."
"Machado de Assis","Quincas Borba","10","IX Horas depois, teve Rubião um pensamento horrível. Podiam crer que ele próprio incitara o amigo à viagem, para o fim de o matar mais depressa, e entrar na posse do legado, se é que realmente estava incluso no testamento. Sentiu remorsos. Por que não empregou todas as forças para contê-lo? Viu o cadáver de Quincas Borba, pálido, hediondo, fitando nele um olhar vingativo; resolveu, se acaso o fatal desfecho se desse em viagem, abrir mão do legado. Pela sua parte o cão vivia farejando, ganindo, querendo fugir; não podia dormir quieto, levantava-se muitas vezes, à noite, percorria a casa, e tornava ao seu canto. De manhã, Rubião chamava-o à cama, e o cão acudia alegre; imaginava que era o próprio dono; via depois que não era, mas aceitava as carícias, e fazialhe outras, como se Rubião tivesse de levar as suas ao amigo, ou trazê-lo para ali. Demais, havia-se-lhe afeiçoado também, e para ele era a ponte que o ligava à existência anterior. Não comeu durante os primeiros dias. Suportando menos a sede, Rubião pôde alcançar que bebesse leite; foi a única alimentação por algum tempo. Mais tarde, passava as horas, calado, triste, enrolado em si mesmo, ou então com o corpo estendido e a cabeça entre as mãos. Quando o médico voltou, ficou espantado da temeridade do doente; deviam tê-lo impedido de sair; a morte era certa.  Certa?  Mais tarde ou mais cedo. Levou o tal cachorro?  Não, senhor, está comigo; pediu que cuidasse dele, e chorou, olhe que chorou que foi um nunca acabar. Verdade é, disse ainda Rubião para defender o enfermo, verdade é que o cachorro merece a estima do dono: parece gente. O médico tirou o largo chapéu de palha para concertar a fita; depois sorriu. Gente? Com que então parecia gente? Rubião insistia, depois explicava; não era gente como a outra gente, mas tinha coisas de sentimento, e até de juízo. Olhe, ia contar-lhe uma...  Não, homem, não; logo, logo; vou a um doente de erisipela... Se vierem cartas dele, e não forem reservadas, desejo vê-las, ouviu? E lembranças ao cachorro, concluiu saindo. Algumas pessoas começaram a mofar do Rubião e da singular incumbência de guardar um cão em vez de ser o cão que o guardasse a ele. Vinha a risota, choviam as alcunhas. Em que havia de dar o professor! sentinela de cachorro! Rubião tinha medo da opinião pública. Com efeito, parecia-lhe ridículo; fugia aos olhos estranhos, olhava com fastio para o animal, dava-se ao diabo, arrenegava da vida. Não tivesse a esperança de um legado, pequeno que fosse... Era impossível que lhe não deixasse uma lembrança."
"Machado de Assis","Quincas Borba","11","X Sete semana depois, chegou a Barbacena esta carta, datada do Rio de Janeiro, toda do punho do Quincas Borba: Meu caro senhor e amigo, Você há de ter estranhado o meu silêncio. Não lhe tenho escrito por certos motivos particulares, etc. Voltarei breve; mas quero comunicar-lhe desde já um negócio reservado, reservadíssimo. Quem sou eu, Rubião? Sou Santo Agostinho. Sei que há de sorrir, porque você é um ignaro, Rubião; a nossa intimidade permitia-me dizer palavra mais crua, mas faço-lhe esta concessão, que é a última. Ignaro! Ouça, ignaro. Sou Santo Agostinho; descobri isto anteontem: ouça e cale-se. Tudo coincide nas nossas vidas. O santo e eu passamos uma parte do tempo nos deleites e na heresia, porque eu considero heresia tudo o que não é a minha doutrina de Humanitas; ambos furtamos, ele, em pequeno, umas pêras de Cartago, eu, já rapaz, um relógio do meu amigo Brás Cubas. Nossas mães eram religiosas e castas. Enfim, ele pensava, como eu, que tudo que existe é bom, e assim o demonstra no capítulo XVI, livro VII das Confissões, com a diferença que, para ele, o mal é um desvio da vontade, ilusão própria de um século atrasado, concessão ao erro, pois que o mal nem mesmo existe, e só a primeira afirmação é verdadeira; todas as coisas são boas, omnia bona, e adeus. Adeus, ignaro. Não contes a ninguém o que te acabo de confiar, se não queres perder as orelhas. Cala-te, guarda, e agradece a boa fortuna de ter por amigo um grande homem, como eu, embora não me compreendas. Hás de compreender-me. Logo que tornar a Barbacena, dar-te-ei em termos explicados, simples, adequados ao entendimento de um asno, a verdadeira noção do grande homem. Adeus; lembranças ao meu pobre Quincas Borba. Não esqueças de lhe dar leite; leite e banhos; adeus, adeus... Teu do coração QUINCAS BORBA Rubião mal sustinha o papel nos dedos. Passados alguns segundos, advertiu que podia ser um gracejo do amigo, e releu a carta; mas a segunda leitura confirmou a primeira impressão. Não havia dúvida; estava doido. Pobre Quincas Borba! Assim, as esquisitices, a freqüente alteração de humor, os ímpetos sem motivo, as ternuras sem proporção, não eram mais que prenúncios da ruína total do cérebro. Morria antes de morrer. Tão bom! Tão alegre! Tinha impertinências, é verdade; mas a doença explicava-as. Rubião enxugou os olhos, úmidos de comoção. Depois, veio a lembrança do possível legado, e ainda mais o afligiu, por lhe mostrar que bom amigo ia perder. Quis ainda uma vez ler a carta, agora devagar, analisando as palavras, desconjuntando-as, para ver bem o sentido e descobrir se realmente era uma troça de filósofo. Aquele modo de o descompor brincando, era conhecido; mas o resto confirmava a suspeita do desastre. Já quase no fim, parou enfiado. Dar-se-ia que, provada a alienação mental do testador, nulo ficaria o testamento, e perdidas as deixas? Rubião teve uma vertigem. Estava ainda com a carta aberta nas mãos, quando viu aparecer o doutor, que vinha por notícias do enfermo; o agente do correio dissera-lhe haver chegado uma carta. Era aquela?  É esta, mas...  Tem alguma comunicação reservada?...  Justamente, traz uma comunicação reservada, reservadíssima; negócios pessoais. Dá licença? Dizendo isto, Rubião meteu a carta no bolso; o médico saiu, ele respirou. Escapara ao perigo de publicar tão grave documento, por onde se podia provar o estado mental de Quincas Borba. Minutos depois, arrependeu-se, devia ter entregado a carta, sentiu remorsos, pensou em mandá-la à casa do médico. Chamou por um escravo; quando este acudiu, já ele mudara outra vez de idéia; considerou que era imprudência; o doente viria em breve,  dali a dias,  perguntaria pela carta, argüi-lo-ia de indiscreto, de delator... Remorsos fáceis, de pouca dura.  Não quero nada, disse ao escravo. E outra vez pensou no legado. Calculou o algarismo. Menos de dez contos, não. Compraria um pedaço de terra, uma casa, cultivaria isto ou aquilo, ou lavraria ouro. O pior é se era menos, cinco contos... Cinco? Era pouco; mas, enfim, talvez não passasse disso. Cinco que fossem, era um arranjo menor, e antes menor que nada. Cinco contos... Pior seria se o testamento ficasse nulo. Vá, cinco contos!"
"Machado de Assis","Quincas Borba","12","XI No começo da semana seguinte, recebendo os jornais da Corte (ainda assinaturas do Quincas Borba) leu Rubião esta notícia em um deles: Faleceu ontem o Sr. Joaquim Borba dos Santos, tendo suportado a moléstia com singular filosofia. Era homem de muito saber, e cansava-se em batalhar contra esse pessimismo amarelo e enfezado que ainda nos há de chegar aqui um dia; é a moléstia do século. A última palavra dele foi que a dor era uma ilusão, e que Pangloss não era tão tolo como o inculcou Voltaire... Já então delirava. Deixa muitos bens. O testamento está em Barbacena."
"Machado de Assis","Quincas Borba","13","XII  Acabou de sofrer! suspirou Rubião. Em seguida, atentando na notícia, viu que falava de um homem que tinha apreço, consideração, a quem se atribuía uma peleja filosófica. Nenhuma alusão à demência. Ao contrário, o final dizia que ele delirara a última hora, efeito da moléstia. Ainda bem! Rubião leu novamente a carta, e a hipótese da troça pareceu outra vez mais verossímil. Concordou que ele tinha graça; com certeza, quis debicá-lo; foi a Santo Agostinho, como iria a Santo Ambrósio ou a Santo Hilário, e escreveu uma carta enigmática, para confundi-lo, até voltar a rir-se do logro. Pobre amigo! Estava são,  são e morto. Sim, já não padecia nada. Vendo o cachorro, suspirou:  Coitado do Quincas Borba! Se pudesse saber que o senhor morreu... Depois, consigo:  Agora, que já acabou a obrigação, vou dá-lo à comadre Angélica."
"Machado de Assis","Quincas Borba","14","XIII A notícia correra a cidade; o vigário, o farmacêutico da casa, o médico, todos mandaram saber se era verdadeira. O agente do correio, que a lera nas folhas, trouxe em mão própria ao Rubião uma carta que viera na mala para ele; podia ser do finado, conquanto a letra do sobrescrito fosse outra.  Então afinal o homem espichou a canela? disse ele, enquanto Rubião abria a carta, corria à assinatura e lia: Brás Cubas. Era um simples bilhete: O meu pobre amigo Quincas Borba faleceu ontem em minha casa, onde apareceu há tempos esfrangalhado e sórdido: frutos da doença. Antes de morrer pediu-me que lhe escrevesse, que lhe desse particularmente esta notícia, e muitos agradecimentos; que o resto se faria, segundo as praxes do foro. Os agradecimentos fizeram empalidecer o professor; mas as praxes do foro restituíram-lhe o sangue. Rubião fechou a carta sem dizer nada; o agente falou de uma coisa e outra, depois saiu. Rubião ordenou a um escravo que levasse o cachorro de presente à comadre Angélica, dizendo-lhe que, como gostava de bichos, lá ia mais um; que o tratasse bem, porque ele estava acostumado a isso; finalmente que o nome do cachorro era o mesmo que o do dono, agora morto, Quincas Borba."
"Machado de Assis","Quincas Borba","15","XIV Quando o testamento foi aberto, Rubião quase caiu para trás. Adivinhais por quê. Era nomeado herdeiro universal do testador. Não cinco, nem dez, nem vinte contos, mas tudo, o capital inteiro, especificados os bens, casas na Corte, uma em Barbacena, escravos, apólices, ações do Banco do Brasil e de outras instituições, jóias, dinheiro amoedado, livros,  tudo finalmente passava às mãos do Rubião, sem desvios, sem deixas a nenhuma pessoa, nem esmolas, nem dívidas. Uma só condição havia no testamento, a de guardar o herdeiro consigo o seu pobre cachorro Quincas Borba, nome que lhe deu por motivo da grande afeição que lhe tinha. Exigia do dito Rubião que o tratasse como se fosse a ele próprio testador, nada poupando em seu benefício, resguardando-o de moléstias, de fugas, de roubo ou de morte que lhe quisessem dar por maldade; cuidar finalmente como se cão não fosse, mas pessoa humana. Item, impunha-lhe a condição, quando morresse o cachorro, de lhe dar sepultura decente em terreno próprio, que cobriria de flores e plantas cheirosas; e mais desenterraria os ossos do dito cachorro, quando fosse tempo idôneo, e os recolheria a uma urna de madeira preciosa para depositá-los no lugar mais honrado da casa."
"Machado de Assis","Quincas Borba","16","XV Tal era a cláusula. Rubião achou-a natural, posto que só tivesse pensamento para cuidar na herança. Espreitara uma deixa, e sai-lhe do testamento a massa toda dos bens. Não podia acabar de crer; foi preciso que lhe apertassem muito as mãos, com força,  a força dos parabéns,  para não supor que era mentira.  Sim, senhor, lavre um tento, dizia-lhe o dono da farmácia que ministrara os remédios a Quincas Borba. Herdeiro já era muito; mas universal... Esta palavra inchava as bochechas à herança. Herdeiro de tudo, nem uma colherinha menos. E quanto seria tudo? ia ele pensando. Casas, apólices, ações, escravos, roupa, louça, alguns quadros, que ele teria na Corte, porque era homem de muito gosto, tratava de coisas de arte com grande saber. E livros? devia ter muitos livros, citava muitos deles. Mas em quanto andaria tudo? Cem contos? Talvez duzentos. Era possível; trezentos mesmo não havia que admirar. Trezentos contos! trezentos! E o Rubião tinha ímpetos de dançar na rua. Depois aquietava-se; duzentos que fossem, ou cem, era um sonho que Deus Nosso Senhor lhe dava, mas um sonho comprido, para não acabar mais. A lembrança do cachorro pôde tomar pé no torvelinho de pensamentos que iam pela cabeça do nosso homem. Rubião achava que a cláusula era natural, mas desnecessária, porque ele e o cão eram dois amigos, e nada mais certo que ficarem juntos, para recordar o terceiro amigo, o extinto, o autor da felicidade de ambos. Havia, sem dúvida, umas particularidades na cláusula, uma história de urna, e não sabia que mais; mas tudo se havia de cumprir, ainda que o céu viesse abaixo... Não, com a ajuda de Deus, emendava ele. Bom cachorro! excelente cachorro! Rubião não esquecia que muitas vezes tentara enriquecer com empresas que morreram em flor. Supôs-se naquele tempo um desgraçado, um caipora, quando a verdade era que ""mais vale quem Deus ajuda do que quem cedo madruga"". Tanto não era impossível enriquecer, que estava rico.  Impossível, o quê? exclamou em voz alta. Impossível é a Deus pecar. Deus não falta a quem promete. Ia assim, descendo e subindo as ruas da cidade, sem guiar para casa, sem plano, com o sangue aos pulos. De repente, surgiu-lhe este grave problema:  se iria viver no Rio de Janeiro, ou se ficaria em Barbacena. Sentia cócegas de ficar, de brilhar onde escurecia, de quebrar a castanha na boca aos que antes faziam pouco caso dele, e principalmente aos que se riram da amizade do Quincas Borba. Mas, logo depois, vinha a imagem do Rio de Janeiro, que ele conhecia, com os seus feitiços, movimento, teatros em toda a parte, moças bonitas, ""vestidas à francesa"". Resolveu que era melhor, podia subir muitas e muitas vezes à cidade natal."
"Machado de Assis","Quincas Borba","17","XVI  Quincas Borba! Quincas Borba! eh! Quincas Borba! bradou entrando em casa. Nada de cachorro. Só então é que ele se lembrou de havê-lo mandado dar à comadre Angélica. Correu à casa da comadre, que era distante. De caminho acudiram-lhe todas as idéias feias, algumas extraordinárias. Uma idéia feia é que o cão tivesse fugido. Outra extraordinária é que algum inimigo, sabedor da cláusula e do presente, fosse ter com a comadre, roubasse o cachorro, e o escondesse ou matasse. Neste caso, a herança... Passou-lhe uma nuvem pelos olhos; depois começou a ver mais claro.  Não conheço negócios de justiça, pensava ele, mas parece que não tenho nada com isso. A cláusula supõe o cão vivo ou em casa; mas, se ele fugir ou morrer, não se há de inventar um cão; logo, a intenção principal... Mas são capazes de fazer chicana os meus inimigos. Não cumprida a cláusula... Aqui a testa e as costas das mãos do nosso amigo ficaram em água. Outra nuvem pelos olhos. E o coração batia-lhe rápido, rápido. A cláusula começava a parecerlhe extravagante. Rubião pegava-se com os santos, prometia missas, dez missas... Mas lá estava a casa da comadre. Rubião picou o passo; viu alguém; era ela? era, era ela, encostada à porta e rindo.  Que figura que o senhor vem fazendo, meu compadre? Meio tonto, jogando com os braços."
"Machado de Assis","Quincas Borba","18","XVII  Sinhá comadre, o cachorro? perguntou Rubião com indiferença, mas pálido.  Entre, e abanque-se, respondeu ela. Que cachorro?  Que cachorro? tornou Rubião cada vez mais pálido. O que lhe mandei. Pois não se lembra que lhe mandei um cachorro para ficar aqui alguns dias, descansando, a ver se... em suma, um animal de muita estimação. Não é meu. Veio para... Mas não se lembra?  Ah! não me fale nesse bicho! respondeu ela precipitando as palavras. Era pequena, tremia por qualquer coisa, e quando se apaixonava, engrossavamlhe as veias do pescoço. Repetiu que lhe não falasse no bicho.  Mas que lhe fez ele, sinhá comadre?  Que me fez? Que é que me faria o pobre animal? Não come nada, não bebe, chora que parece gente, e anda só com o olho para fora, a ver se foge. Rubião respirou. Ela continuou a dizer os enfadamentos do cachorro; ele ansioso, queria vê-lo.  Está lá no fundo, no cercado grande; está sozinho para que os outros não bulam com ele. Mas o compadre vem buscá-lo? Não foi isso o que disseram. Pareceu-me ouvir que era para mim, que era dado.  Daria cinco ou seis, se pudesse, respondeu Rubião. Este não posso; sou apenas depositário. Mas deixe estar, prometo-lhe um filho. Creia que o recado veio torto. Rubião ia andando; a comadre, em vez de o guiar, acompanhava-o. Lá estava o cão, dentro do cercado, deitado à distância de um alguidar de comida. Cães, aves, saltavam de todos os lados, cá fora; a um lado havia um galinheiro, mais longe porcos; mais longe ainda, uma vaca deitada, sonolenta, com duas galinhas ao pé, que lhe picavam a barriga, arrancando carrapato.  Olhe o meu pavão! dizia a comadre. Mas Rubião tinha os olhos no Quincas Borba, que farejava impaciente, e que se atirou para ele, logo que um moleque abriu a porta do cercado. Foi uma cena de delírio; o cachorro pagava as carícias do Rubião, latindo, pulando, beijando-lhe as mãos.  Meu Deus! que amizade!  Não imagina, sinhá comadre. Adeus, prometo-lhe um filho."
"Machado de Assis","Quincas Borba","19","XVIII Rubião e o cachorro, entrando em casa, sentiram, ouviram a pessoa e as vozes do finado amigo. Enquanto o cachorro farejava por toda a parte, Rubião foi sentar-se na cadeira, onde estivera quando Quincas Borba referiu a morte da avó com explicações científicas. A memória dele recompôs, ainda que de embrulho e esgarçadamente, os argumentos do filósofo. Pela primeira vez, atentou bem na alegoria das tribos famintas e compreendeu a conclusão: ""Ao vencedor, as batatas!"" Ouviu distintamente a voz roufenha do finado expor a situação das tribos, a luta e a razão da luta, o extermínio de uma e a vitória da outra, e murmurou baixinho:  Ao vencedor, as batatas! Tão simples! tão claro! Olhou para as calças de brim surrado e o rodaque cerzido, e notou que até há pouco fora, por assim dizer, um exterminado, uma bolha; mas que ora não, era um vencedor. Não havia dúvida; as batatas fizeram-se para a tribo que elimina a outra, a fim de transpor a montanha e ir às batatas do outro lado. Justamente o seu caso. Ia descer de Barbacena para arrancar e comer as batatas da capital. Cumpria-lhe ser duro e implacável, era poderoso e forte. E levantando-se de golpe, alvoroçado, ergueu os braços exclamando:  Ao vencedor, as batatas! Gostava da fórmula, achava-a engenhosa, compendiosa e eloqüente, além de verdadeira e profunda. Ideou as batatas em suas várias formas, classificou-as pelo sabor, pelo aspecto, pelo poder nutritivo, fartou-se antemão do banquete da vida. Era tempo de acabar com as raízes pobres e secas, que apenas enganavam o estômago, triste comida de longos anos; agora o farto, o sólido, o perpétuo, comer até morrer, e morrer em colchas de seda, que é melhor que trapos. E voltava à afirmação de ser duro e implacável, e à fórmula da alegoria. Chegou a compor de cabeça um sinete para seu uso, com este lema: AO VENCEDOR, AS BATATAS. Esqueceu o projeto do sinete; mas a fórmula viveu no espírito de Rubião, por alguns dias:  Ao vencedor, as batatas! Não a compreenderia antes do testamento; ao contrário, vimos que a achou obscura e sem explicação. Tão certo é que a paisagem depende do ponto de vista, e que o melhor modo de apreciar o chicote é ter-lhe o cabo na mão."
"Machado de Assis","Quincas Borba","20","XIX Não esqueça dizer que Rubião tomou a si mandar dizer uma missa por alma do finado, embora soubesse ou pressentisse que ele não era católico. Quincas Borba não dizia pulhices a respeito de padres, nem desconceituava doutrinas católicas; mas não falava nem da igreja nem dos seus servos. Por outro lado, a veneração de Humanitas fazia desconfiar ao herdeiro que essa era a religião do testador. Não obstante, mandou dizer a missa, considerando que não era ato da vontade do morto, mas prece de vivos; considerou mais que seria um escândalo na cidade se ele, nomeado herdeiro pelo defunto, deixasse de dar ao seu protetor os sufrágios que não se negam aos mais miseráveis e avaros deste mundo. Se algumas pessoas deixaram de comparecer para não assistir à glória do Rubião, muitas outras foram,  e não da ralé,  as quais viram a compunção verdadeira do antigo mestre de meninos."
"Machado de Assis","Quincas Borba","21","XX Regulados os preliminares para a liquidação da herança, Rubião tratou de vir ao Rio de Janeiro, onde se fixaria, logo que tudo estivesse acabado. Havia que fazer em ambas as cidades; mas as coisas prometiam correr depressa."
"Machado de Assis","Quincas Borba","22","XXI Na estação de Vassouras, entraram no trem Sofia e o marido, Cristiano de Almeida e Palha. Este era um rapagão de trinta e dois anos; ela ia entre vinte e sete e vinte e oito. Vieram sentar-se nos dois bancos fronteiros ao do Rubião, acomodaram as cestinhas e embrulhos de lembranças que traziam de Vassouras, onde tinham ido passar uma semana; abotoaram o guarda-pó, trocaram algumas palavras, baixo. Depois que o trem continuou a andar, foi que o Palha reparou na pessoa do Rubião, cujo rosto, entre tanta gente carrancuda ou aborrecida, era o único plácido e satisfeito. Cristiano foi o primeiro que travou conversa, dizendo-lhe que as viagens de estrada de ferro cansavam muito, ao que Rubião respondeu que sim; para quem estava acostumado à costa de burro, acrescentou, a estrada de ferro cansava e não tinha graça; não se podia negar, porém, que era um progresso...  Decerto, concordou o Palha. Progresso e grande.  O senhor é lavrador?  Não, senhor.  Mora na cidade?  De Vassouras? Não; viemos aqui passar uma semana. Moro mesmo na Corte. Não teria jeito para lavrador, conquanto ache que é uma posição boa e honrada. Da lavoura passaram ao gado, à escravatura e à política. Cristiano Palha maldisse o governo, que introduzira na fala do trono uma palavra relativa à propriedade servil; mas, com grande espanto seu, Rubião não acudiu à indignação. Era plano deste vender os escravos que o testador lhe deixara, exceto um pajem; se alguma coisa perdesse, o resto da herança cobriria o desfalque. Demais, a fala do trono, que ele também lera, mandava respeitar a propriedade atual. Que lhe importavam escravos futuros, se os não compraria? O pajem ia ser forro, logo que ele entrasse na posse dos bens. Palha desconversou, e passou à política, às Câmaras, à guerra do Paraguai, tudo assuntos gerais, ao que Rubião atendia, mais ou menos. Sofia escutava apenas; movia tão-somente os olhos, que sabia bonitos, fitando-os ora no marido, ora no interlocutor.  Vai ficar na Corte ou volta para Barbacena? perguntou o Palha no fim de vinte minutos de conversação.  Meu desejo é ficar, e fico mesmo, acudiu Rubião; estou cansado da província; quero gozar a vida. Pode ser até que vá à Europa, mas não sei ainda. Os olhos do Palha brilharam instantaneamente.  Faz muito bem; eu faria o mesmo, se pudesse; por agora, não posso. Provavelmente, já lá foi?  Nunca fui. É por isso que tive cá umas idéias, ao sair de Barbacena; ora adeus! é preciso a gente tirar a morrinha do corpo. Não sei ainda quando será; mas hei de...  Tem razão. Dizem que há lá muita coisa esplêndida; não admira, são mais velhos que nós; mas lá chegaremos; e há coisas em que estamos a par deles, e até acima. A nossa Corte, não digo que possa competir com Paris ou Londres, mas é bonita, verá...  Já vi.  Já?  Há muitos anos.  Há de achá-la melhor; tem feito progressos rápidos. Depois, quando for à Europa...  A senhora já foi à Europa? interrompeu Rubião, dirigindo-se a Sofia.  Não, senhor.  Esqueceu-me apresentar-lhe minha mulher, acudiu Cristiano. Rubião inclinou-se respeitosamente; e, voltando-se para o marido, disse-lhe sorrindo:  Mas não me apresenta a mim? Palha sorriu também; entendeu que nenhum deles sabia o nome um do outro, e deu-se pressa em dizer o seu.  Cristiano de Almeida e Palha.  Pedro Rubião de Alvarenga; mas Rubião é como todos me chamam. A troca dos nomes pô-los ainda mais a gosto. Sofia não interveio, porém, na conversa; afrouxou a rédea aos olhos, que se deixaram ir ao sabor de si mesmos. Rubião falava, risonho, e ouvia atento as palavras do Palha, agradecido da amizade com que o tratava um moço que ele nunca tinha visto. Chegou a dizerlhe que bem podiam ir juntos à Europa.  Oh! eu não poderei ir nestes primeiros anos, respondeu o Palha.  Também não digo já; eu não irei tão cedo. O desejo que me deu, quando saí de Barbacena, foi simples desejo, sem prazo; irei, não há dúvida, mas lá para diante, quando Deus quiser. Palha acudiu, rápido:  Ah! eu, quando digo que só daqui a anos, acrescento também que a vontade de Deus pode ordenar o contrário. Quem sabe se daqui a meses? A Divina Providência é que manda o melhor. O gesto que acompanhou estas palavras era convicto e pio; mas nem Sofia o viu (olhava para os pés), nem o próprio Rubião escutou as últimas palavras. O nosso amigo estava morto por dizer a causa que o trazia à capital. Tinha a boca cheia da confidência, prestes a entorná-la no ouvido do companheiro de viagem,  e só por um resto de escrúpulo, já frouxo, é que ainda a retinha. E por que retê-la, se não era crime, e ia ser caso público?  Tenho de cuidar primeiro de um inventário, murmurou finalmente.  O senhor seu pai?  Não; um amigo. Um grande amigo, que se lembrou de fazer-me seu herdeiro universal.  Ah!  Universal. Creia que há amigos neste mundo; como aquele, poucos. Aquilo era ouro. E que cabeça! que inteligência! que instrução! Viveu doente os últimos tempos, donde lhe veio alguma impertinência, alguns caprichos. Sabe, não? rico e doente, sem família, tinha naturalmente exigências... Mas ouro puro, ouro de lei. Aquilo quando estimava, estimava de uma vez. Éramos amigos, e não me disse nada. Vai um dia, quando morreu, abriu-se o testamento, e achei-me com tudo. É verdade. Herdeiro universal! Olhe que não há uma deixa no testamento para outra pessoa. Também não tinha parente. O único parente que teria, seria eu, se ele chegasse a casar com uma irmã minha, que morreu, coitada! Fiquei só amigo; mas, ele soube ser amigo, não acha?  Seguramente, afirmou o Palha. Já os olhos deste não brilhavam, refletiam profundamente. Rubião metera-se por um mato cerrado, onde lhe cantavam todos os passarinhos da fortuna; regalavase em falar da herança; confessou que não sabia ainda a soma total, mas podia calcular por longe...  O melhor é não calcular nada, atalhou Cristiano. Nunca será menos de cem contos?  Upa!  Pois daí para cima, é esperar calado. E outra coisa...  Creio que não menos de trezentos...  Outra coisa. Não repita o seu caso a pessoas estranhas. Agradeço-lhe a confiança que lhe mereci, mas não se exponha ao primeiro encontro. Discrição e caras serviçais nem sempre andam juntas."
"Machado de Assis","Quincas Borba","23","XXII Chegados à estação da Corte, despediram-se quase familiarmente. Palha ofereceu a sua casa em Santa Teresa; o ex-professor ia para a Hospedaria União, e prometeram visitar-se."
"Machado de Assis","Quincas Borba","24","XXIII No dia seguinte, estava Rubião ansioso por ter ao pé de si o recente amigo da estrada de ferro, e determinou ir a SantaTeresa, à tarde; mas foi o próprio Palha que o procurou logo de manhã. Ia cumprimentá-lo, ver se estava bem ali, ou se preferia a casa dele, que ficava no alto. Rubião não aceitou a casa, mas aceitou o advogado, um contraparente do Palha, que este lhe indicou, como um dos primeiros, apesar de muito moço.  É aproveitá-lo, enquanto ele não exige que lhe paguem a fama. Rubião fê-lo almoçar, e acompanhou-o ao escritório do advogado, apesar dos protestos do cão, que queria ir também. Tudo se ajustou.  Vá jantar logo comigo, em Santa Teresa, disse o Palha ao despedir-se. Não tem que hesitar, lá o espero, concluiu retirando-se."
"Machado de Assis","Quincas Borba","25","XXIV Rubião tinha vexame, por causa de Sofia; não sabia haver-se com senhoras. Felizmente, lembrou-se da promessa que a si mesmo fizera de ser forte e implacável. Foi jantar. Abençoada resolução! Onde acharia iguais horas? Sofia era, em casa, muito melhor que no trem de ferro. Lá vestia a capa, embora tivesse os olhos descobertos; cá trazia à vista os olhos e o corpo, elegantemente apertado em um vestido de cambraia, mostrando as mãos que eram bonitas, e um princípio de braço. Demais, aqui era a dona da casa, falava mais, desfazia-se em obséquios; Rubião desceu meio tonto."
